tripinfo_arrival;tripinfo_arrivalLane;tripinfo_arrivalPos;tripinfo_arrivalSpeed;tripinfo_depart;tripinfo_departDelay;tripinfo_departLane;tripinfo_departPos;tripinfo_departSpeed;tripinfo_devices;tripinfo_duration;tripinfo_id;tripinfo_rerouteNo;tripinfo_routeLength;tripinfo_speedFactor;tripinfo_stopTime;tripinfo_timeLoss;tripinfo_vType;tripinfo_vaporized;tripinfo_waitingCount;tripinfo_waitingTime
358.00;end_private_0;1000.00;14.08;0.00;0.00;start_private_0;5.10;0.00;tripinfo_car0;358.00;car0;0;4995.30;1.06;0.00;18.40;car;;0;0.00
401.00;end_public_0;1000.00;11.92;0.00;0.00;start_public_0;20.10;0.00;tripinfo_bus0;401.00;bus0;0;4980.30;0.95;0.00;21.88;bus;;0;0.00
410.00;end_private_0;1000.00;12.30;3.00;3.00;start_private_0;5.10;0.00;tripinfo_car1;407.00;car1;0;4995.30;0.94;0.00;23.15;car;;0;0.00
412.00;end_private_0;1000.00;13.79;6.00;6.00;start_private_0;5.10;0.00;tripinfo_car2;406.00;car2;0;4995.30;1.01;0.00;49.22;car;;0;0.00
413.00;end_private_0;1000.00;14.06;9.00;9.00;start_private_0;5.10;0.00;tripinfo_car3;404.00;car3;0;4995.30;1.08;0.00;71.65;car;;0;0.00
415.00;end_private_0;1000.00;13.30;12.00;12.00;start_private_0;5.10;0.00;tripinfo_car4;403.00;car4;0;4995.30;1.03;0.00;53.55;car;;0;0.00
441.00;end_public_0;1000.00;11.64;5.00;5.00;start_public_0;20.10;0.00;tripinfo_bus1;436.00;bus1;0;4980.30;0.87;0.00;26.03;bus;;0;0.00
444.00;end_public_0;1000.00;13.12;10.00;10.00;start_public_0;20.10;0.00;tripinfo_bus2;434.00;bus2;0;4980.30;1.04;0.00;87.21;bus;;0;0.00
447.00;end_public_0;1000.00;14.35;15.00;15.00;start_public_0;20.10;0.00;tripinfo_bus3;432.00;bus3;0;4980.30;1.11;0.00;107.94;bus;;0;0.00
450.00;end_public_0;1000.00;14.54;20.00;20.00;start_public_0;20.10;0.00;tripinfo_bus4;430.00;bus4;0;4980.30;1.07;0.00;93.21;bus;;0;0.00
453.00;end_public_0;1000.00;13.70;25.00;25.00;start_public_0;20.10;0.00;tripinfo_bus5;428.00;bus5;0;4980.30;1.02;0.00;76.28;bus;;0;0.00
456.00;end_public_0;1000.00;13.74;30.00;30.00;start_public_0;20.10;0.00;tripinfo_bus6;426.00;bus6;0;4980.30;1.00;0.00;67.71;bus;;0;0.00
459.00;end_public_0;1000.00;12.20;35.00;35.00;start_public_0;20.10;0.00;tripinfo_bus7;424.00;bus7;0;4980.30;0.97;0.00;54.18;bus;;0;0.00
462.00;end_public_0;1000.00;12.92;40.00;40.00;start_public_0;20.10;0.00;tripinfo_bus8;422.00;bus8;0;4980.30;0.96;0.00;48.62;bus;;0;0.00
465.00;end_public_0;1000.00;12.67;45.00;45.00;start_public_0;20.10;0.00;tripinfo_bus9;420.00;bus9;0;4980.30;0.98;0.00;55.00;bus;;0;0.00
467.00;end_public_0;1000.00;15.09;50.00;50.00;start_public_0;20.10;0.00;tripinfo_bus10;417.00;bus10;0;4980.30;1.10;0.00;92.18;bus;;0;0.00
470.00;end_public_0;1000.00;13.36;55.00;55.00;start_public_0;20.10;0.00;tripinfo_bus11;415.00;bus11;0;4980.30;1.04;0.00;68.83;bus;;0;0.00
473.00;end_public_0;1000.00;13.61;60.00;60.00;start_public_0;20.10;0.00;tripinfo_bus12;413.00;bus12;0;4980.30;1.00;0.00;55.06;bus;;0;0.00
476.00;end_public_0;1000.00;14.03;65.00;65.00;start_public_0;20.10;0.00;tripinfo_bus13;411.00;bus13;0;4980.30;1.10;0.00;84.87;bus;;0;0.00
477.00;end_private_0;1000.00;10.65;15.00;15.00;start_private_0;5.10;0.00;tripinfo_car5;462.00;car5;0;4995.30;0.83;0.00;28.54;car;;0;0.00
478.00;end_private_0;1000.00;13.83;18.00;18.00;start_private_0;5.10;0.00;tripinfo_car6;460.00;car6;0;4995.30;1.05;0.00;115.94;car;;0;0.00
480.00;end_private_0;1000.00;11.57;21.00;21.00;start_private_0;5.10;0.00;tripinfo_car7;459.00;car7;0;4995.30;0.89;0.00;52.89;car;;0;0.00
482.00;end_private_0;1000.00;12.31;24.00;24.00;start_private_0;5.10;0.00;tripinfo_car8;458.00;car8;0;4995.30;0.94;0.00;74.03;car;;0;0.00
484.00;end_private_0;1000.00;11.20;27.00;27.00;start_private_0;5.10;0.00;tripinfo_car9;457.00;car9;0;4995.30;0.86;0.00;37.00;car;;0;0.00
486.00;end_private_0;1000.00;14.55;30.00;30.00;start_private_0;5.10;0.00;tripinfo_car10;456.00;car10;0;4995.30;1.09;0.00;125.63;car;;0;0.00
488.00;end_private_0;1000.00;13.57;33.00;33.00;start_private_0;5.10;0.00;tripinfo_car11;455.00;car11;0;4995.30;1.03;0.00;103.71;car;;0;0.00
489.00;end_private_0;1000.00;14.36;36.00;36.00;start_private_0;5.10;0.00;tripinfo_car12;453.00;car12;0;4995.30;1.05;0.00;109.27;car;;0;0.00
491.00;end_private_0;1000.00;15.31;39.00;39.00;start_private_0;5.10;0.00;tripinfo_car13;452.00;car13;0;4995.30;1.12;0.00;131.11;car;;0;0.00
493.00;end_private_0;1000.00;13.33;42.00;42.00;start_private_0;5.10;0.00;tripinfo_car14;451.00;car14;0;4995.30;0.99;0.00;87.51;car;;0;0.00
495.00;end_private_0;1000.00;12.16;46.00;46.00;start_private_0;5.10;0.00;tripinfo_car15;449.00;car15;0;4995.30;0.93;0.00;60.20;car;;0;0.00
497.00;end_private_0;1000.00;11.90;49.00;49.00;start_private_0;5.10;0.00;tripinfo_car16;448.00;car16;0;4995.30;0.88;0.00;37.89;car;;0;0.00
499.00;end_private_0;1000.00;12.43;52.00;52.00;start_private_0;5.10;0.00;tripinfo_car17;447.00;car17;0;4995.30;0.94;0.00;64.12;car;;0;0.00
500.00;end_private_0;1000.00;12.05;55.00;55.00;start_private_0;5.10;0.00;tripinfo_car18;445.00;car18;0;4995.30;0.94;0.00;60.74;car;;0;0.00
502.00;end_private_0;1000.00;15.42;58.00;58.00;start_private_0;5.10;0.00;tripinfo_car19;444.00;car19;0;4995.30;1.16;0.00;133.00;car;;0;0.00
504.00;end_private_0;1000.00;13.80;61.00;61.00;start_private_0;5.10;0.00;tripinfo_car20;443.00;car20;0;4995.30;1.02;0.00;89.03;car;;0;0.00
505.00;end_private_0;1000.00;13.77;64.00;64.00;start_private_0;5.10;0.00;tripinfo_car21;441.00;car21;0;4995.30;1.01;0.00;84.91;car;;0;0.00
507.00;end_private_0;1000.00;13.48;67.00;67.00;start_private_0;5.10;0.00;tripinfo_car22;440.00;car22;0;4995.30;0.98;0.00;70.94;car;;0;0.00
510.00;end_private_0;1000.00;11.42;70.00;70.00;start_private_0;5.10;0.00;tripinfo_car23;440.00;car23;0;4995.30;0.89;0.00;34.85;car;;0;0.00
530.00;end_public_0;1000.00;11.41;70.00;70.00;start_public_0;20.10;0.00;tripinfo_bus14;460.00;bus14;0;4980.30;0.83;0.00;28.79;bus;;0;0.00
533.00;end_public_0;1000.00;13.97;75.00;75.00;start_public_0;20.10;0.00;tripinfo_bus15;458.00;bus15;0;4980.30;1.09;0.00;127.64;bus;;0;0.00
536.00;end_private_0;1000.00;11.29;73.00;73.00;start_private_0;5.10;0.00;tripinfo_car24;463.00;car24;0;4995.30;0.83;0.00;26.89;car;;0;0.00
536.00;end_public_0;1000.00;13.21;80.00;80.00;start_public_0;20.10;0.00;tripinfo_bus16;456.00;bus16;0;4980.30;0.97;0.00;85.27;bus;;0;0.00
538.00;end_private_0;1000.00;10.92;76.00;76.00;start_private_0;5.10;0.00;tripinfo_car25;462.00;car25;0;4995.30;0.87;0.00;49.27;car;;0;0.00
538.00;end_public_0;1000.00;14.07;85.00;85.00;start_public_0;20.10;0.00;tripinfo_bus17;453.00;bus17;0;4980.30;1.07;0.00;118.02;bus;;0;0.00
540.00;end_private_0;1000.00;12.20;79.00;79.00;start_private_0;5.10;0.00;tripinfo_car26;461.00;car26;0;4995.30;0.92;0.00;68.02;car;;0;0.00
541.00;end_private_0;1000.00;12.95;82.00;82.00;start_private_0;5.10;0.00;tripinfo_car27;459.00;car27;0;4995.30;0.95;0.00;79.80;car;;0;0.00
541.00;end_public_0;1000.00;13.63;90.00;90.00;start_public_0;20.10;0.00;tripinfo_bus18;451.00;bus18;0;4980.30;1.07;0.00;114.73;bus;;0;0.00
543.00;end_private_0;1000.00;15.65;85.00;85.00;start_private_0;5.10;0.00;tripinfo_car28;458.00;car28;0;4995.30;1.13;0.00;139.64;car;;0;0.00
545.00;end_private_0;1000.00;12.70;89.00;89.00;start_private_0;5.10;0.00;tripinfo_car29;456.00;car29;0;4995.30;0.93;0.00;69.17;car;;0;0.00
545.00;end_public_0;1000.00;11.95;95.00;95.00;start_public_0;20.10;0.00;tripinfo_bus19;450.00;bus19;0;4980.30;0.91;0.00;55.80;bus;;0;0.00
546.00;end_private_0;1000.00;14.68;92.00;92.00;start_private_0;5.10;0.00;tripinfo_car30;454.00;car30;0;4995.30;1.18;0.00;148.79;car;;0;0.00
548.00;end_private_0;1000.00;15.55;95.00;95.00;start_private_0;5.10;0.00;tripinfo_car31;453.00;car31;0;4995.30;1.15;0.00;140.97;car;;0;0.00
548.00;end_public_0;1000.00;12.61;100.00;100.00;start_public_0;20.10;0.00;tripinfo_bus20;448.00;bus20;0;4980.30;1.00;0.00;87.49;bus;;0;0.00
550.00;end_private_0;1000.00;12.85;98.00;98.00;start_private_0;5.10;0.00;tripinfo_car32;452.00;car32;0;4995.30;1.01;0.00;93.77;car;;0;0.00
550.00;end_public_0;1000.00;15.58;105.00;105.00;start_public_0;20.10;0.00;tripinfo_bus21;445.00;bus21;0;4980.30;1.15;0.00;132.65;bus;;0;0.00
552.00;end_private_0;1000.00;15.58;101.00;101.00;start_private_0;5.10;0.00;tripinfo_car33;451.00;car33;0;4995.30;1.17;0.00;143.16;car;;0;0.00
554.00;end_private_0;1000.00;12.58;104.00;104.00;start_private_0;5.10;0.00;tripinfo_car34;450.00;car34;0;4995.30;0.99;0.00;87.61;car;;0;0.00
555.00;end_private_0;1000.00;13.26;107.00;107.00;start_private_0;5.10;0.00;tripinfo_car35;448.00;car35;0;4995.30;1.02;0.00;95.04;car;;0;0.00
557.00;end_private_0;1000.00;13.00;110.00;110.00;start_private_0;5.10;0.00;tripinfo_car36;447.00;car36;0;4995.30;0.97;0.00;76.99;car;;0;0.00
559.00;end_private_0;1000.00;15.51;113.00;113.00;start_private_0;5.10;0.00;tripinfo_car37;446.00;car37;0;4995.30;1.18;0.00;140.31;car;;0;0.00
560.00;end_private_0;1000.00;14.69;116.00;116.00;start_private_0;5.10;0.00;tripinfo_car38;444.00;car38;0;4995.30;1.10;0.00;117.55;car;;0;0.00
563.00;end_private_0;1000.00;12.00;119.00;119.00;start_private_0;5.10;0.00;tripinfo_car39;444.00;car39;0;4995.30;0.90;0.00;44.10;car;;0;0.00
565.00;end_private_0;1000.00;13.89;122.00;122.00;start_private_0;5.10;0.00;tripinfo_car40;443.00;car40;0;4995.30;1.03;0.00;93.03;car;;1;1.00
566.00;end_private_0;1000.00;12.55;126.00;126.00;start_private_0;5.10;0.00;tripinfo_car41;440.00;car41;0;4995.30;0.96;0.00;64.12;car;;0;0.00
568.00;end_private_0;1000.00;14.15;129.00;129.00;start_private_0;5.10;0.00;tripinfo_car42;439.00;car42;0;4995.30;1.09;0.00;109.13;car;;0;0.00
568.00;end_public_0;1000.00;10.73;110.00;110.00;start_public_0;20.10;0.00;tripinfo_bus22;458.00;bus22;0;4980.30;0.84;0.00;28.37;bus;;0;0.00
570.00;end_private_0;1000.00;14.02;132.00;132.00;start_private_0;5.10;0.00;tripinfo_car43;438.00;car43;0;4995.30;1.04;0.00;90.64;car;;0;0.00
571.00;end_private_0;1000.00;13.59;135.00;135.00;start_private_0;5.10;0.00;tripinfo_car44;436.00;car44;0;4995.30;1.04;0.00;91.22;car;;0;0.00
571.00;end_public_0;1000.00;13.61;114.00;114.00;start_public_0;20.10;0.00;tripinfo_bus23;457.00;bus23;0;4980.30;1.06;0.00;119.35;bus;;0;0.00
573.00;end_private_0;1000.00;14.49;138.00;138.00;start_private_0;5.10;0.00;tripinfo_car45;435.00;car45;0;4995.30;1.09;0.00;104.00;car;;0;0.00
573.00;end_public_0;1000.00;13.22;119.00;119.00;start_public_0;20.10;0.00;tripinfo_bus24;454.00;bus24;0;4980.30;1.02;0.00;100.74;bus;;0;0.00
575.00;end_private_0;1000.00;12.67;141.00;141.00;start_private_0;5.10;0.00;tripinfo_car46;434.00;car46;0;4995.30;1.00;0.00;73.01;car;;0;0.00
577.00;end_private_0;1000.00;12.43;144.00;144.00;start_private_0;5.10;0.00;tripinfo_car47;433.00;car47;0;4995.30;0.90;0.00;33.41;car;;0;0.00
577.00;end_public_0;1000.00;13.32;124.00;124.00;start_public_0;20.10;0.00;tripinfo_bus25;453.00;bus25;0;4980.30;0.97;0.00;82.18;bus;;0;0.00
579.00;end_public_0;1000.00;16.41;128.00;128.00;start_public_0;20.10;0.00;tripinfo_bus26;451.00;bus26;0;4980.30;1.24;0.00;162.15;bus;;0;0.00
582.00;end_private_0;1000.00;11.98;147.00;147.00;start_private_0;5.10;0.00;tripinfo_car48;435.00;car48;0;4995.30;0.88;0.00;24.72;car;;0;0.00
582.00;end_public_0;1000.00;14.85;132.00;132.00;start_public_0;20.10;0.00;tripinfo_bus27;450.00;bus27;0;4980.30;1.11;0.00;126.46;bus;;0;0.00
585.00;end_public_0;1000.00;14.73;137.00;137.00;start_public_0;20.10;0.00;tripinfo_bus28;448.00;bus28;0;4980.30;1.09;0.00;118.84;bus;;0;0.00
588.00;end_public_0;1000.00;13.20;142.00;142.00;start_public_0;20.10;0.00;tripinfo_bus29;446.00;bus29;0;4980.30;0.99;0.00;85.08;bus;;0;0.00
600.00;end_private_0;1000.00;10.93;150.00;150.00;start_private_0;5.10;0.00;tripinfo_car49;450.00;car49;0;4995.30;0.85;0.00;26.23;car;;0;0.00
602.00;end_private_0;1000.00;10.84;153.00;153.00;start_private_0;5.10;0.00;tripinfo_car50;449.00;car50;0;4995.30;0.85;0.00;27.82;car;;0;0.00
604.00;end_private_0;1000.00;15.46;156.00;156.00;start_private_0;5.10;0.00;tripinfo_car51;448.00;car51;0;4995.30;1.17;0.00;139.45;car;;0;0.00
605.00;end_private_0;1000.00;13.29;159.00;159.00;start_private_0;5.10;0.00;tripinfo_car52;446.00;car52;0;4995.30;1.02;0.00;92.09;car;;0;0.00
607.00;end_private_0;1000.00;14.84;162.00;162.00;start_private_0;5.10;0.00;tripinfo_car53;445.00;car53;0;4995.30;1.10;0.00;116.26;car;;0;0.00
609.00;end_private_0;1000.00;12.72;165.00;165.00;start_private_0;5.10;0.00;tripinfo_car54;444.00;car54;0;4995.30;1.00;0.00;84.92;car;;0;0.00
611.00;end_private_0;1000.00;13.18;168.00;168.00;start_private_0;5.10;0.00;tripinfo_car55;443.00;car55;0;4995.30;1.00;0.00;81.17;car;;0;0.00
613.00;end_private_0;1000.00;11.74;171.00;171.00;start_private_0;5.10;0.00;tripinfo_car56;442.00;car56;0;4995.30;0.90;0.00;41.55;car;;0;0.00
615.00;end_private_0;1000.00;14.89;174.00;174.00;start_private_0;5.10;0.00;tripinfo_car57;441.00;car57;0;4995.30;1.14;0.00;125.57;car;;0;0.00
617.00;end_private_0;1000.00;13.71;177.00;177.00;start_private_0;5.10;0.00;tripinfo_car58;440.00;car58;0;4995.30;1.02;0.00;87.75;car;;0;0.00
618.00;end_private_0;1000.00;13.32;180.00;180.00;start_private_0;5.10;0.00;tripinfo_car59;438.00;car59;0;4995.30;0.97;0.00;66.93;car;;0;0.00
620.00;end_private_0;1000.00;13.94;183.00;183.00;start_private_0;5.10;0.00;tripinfo_car60;437.00;car60;0;4995.30;1.08;0.00;104.24;car;;0;0.00
622.00;end_private_0;1000.00;15.06;186.00;186.00;start_private_0;5.10;0.00;tripinfo_car61;436.00;car61;0;4995.30;1.12;0.00;113.78;car;;0;0.00
623.00;end_private_0;1000.00;13.43;189.00;189.00;start_private_0;5.10;0.00;tripinfo_car62;434.00;car62;0;4995.30;1.02;0.00;79.87;car;;0;0.00
625.00;end_private_0;1000.00;12.60;192.00;192.00;start_private_0;5.10;0.00;tripinfo_car63;433.00;car63;0;4995.30;0.99;0.00;68.50;car;;0;0.00
627.00;end_private_0;1000.00;12.66;195.00;195.00;start_private_0;5.10;0.00;tripinfo_car64;432.00;car64;0;4995.30;0.94;0.00;48.13;car;;0;0.00
631.00;end_private_0;1000.00;11.13;198.00;198.00;start_private_0;5.10;0.00;tripinfo_car65;433.00;car65;0;4995.30;0.88;0.00;24.84;car;;0;0.00
633.00;end_private_0;1000.00;11.94;201.00;201.00;start_private_0;5.10;0.00;tripinfo_car66;432.00;car66;0;4995.30;0.91;0.00;34.53;car;;0;0.00
634.00;end_private_0;1000.00;11.86;204.00;204.00;start_private_0;5.10;0.00;tripinfo_car67;430.00;car67;0;4995.30;0.91;0.00;36.75;car;;0;0.00
636.00;end_private_0;1000.00;13.71;207.00;207.00;start_private_0;5.10;0.00;tripinfo_car68;429.00;car68;0;4995.30;1.04;0.00;82.72;car;;0;0.00
638.00;end_private_0;1000.00;14.03;210.00;210.00;start_private_0;5.10;0.00;tripinfo_car69;428.00;car69;0;4995.30;1.02;0.00;75.39;car;;0;0.00
640.00;end_private_0;1000.00;13.44;213.00;213.00;start_private_0;5.10;0.00;tripinfo_car70;427.00;car70;0;4995.30;1.02;0.00;74.67;car;;0;0.00
641.00;end_private_0;1000.00;13.29;216.00;216.00;start_private_0;5.10;0.00;tripinfo_car71;425.00;car71;0;4995.30;0.97;0.00;55.25;car;;0;0.00
643.00;end_private_0;1000.00;12.56;219.00;219.00;start_private_0;5.10;0.00;tripinfo_car72;424.00;car72;0;4995.30;0.94;0.00;41.27;car;;0;0.00
645.00;end_private_0;1000.00;14.28;222.00;222.00;start_private_0;5.10;0.00;tripinfo_car73;423.00;car73;0;4995.30;1.06;0.00;81.76;car;;0;0.00
647.00;end_private_0;1000.00;13.09;225.00;225.00;start_private_0;5.10;0.00;tripinfo_car74;422.00;car74;0;4995.30;0.96;0.00;44.74;car;;0;0.00
649.00;end_private_0;1000.00;12.85;228.00;228.00;start_private_0;5.10;0.00;tripinfo_car75;421.00;car75;0;4995.30;0.98;0.00;55.13;car;;0;0.00
650.00;end_private_0;1000.00;13.60;231.00;231.00;start_private_0;5.10;0.00;tripinfo_car76;419.00;car76;0;4995.30;1.03;0.00;70.65;car;;0;0.00
652.00;end_private_0;1000.00;13.19;234.00;234.00;start_private_0;5.10;0.00;tripinfo_car77;418.00;car77;0;4995.30;0.98;0.00;51.46;car;;0;0.00
654.00;end_private_0;1000.00;12.81;237.00;237.00;start_private_0;5.10;0.00;tripinfo_car78;417.00;car78;0;4995.30;1.01;0.00;59.46;car;;0;0.00
656.00;end_private_0;1000.00;14.96;240.00;240.00;start_private_0;5.10;0.00;tripinfo_car79;416.00;car79;0;4995.30;1.09;0.00;84.19;car;;0;0.00
657.00;end_private_0;1000.00;13.40;243.00;243.00;start_private_0;5.10;0.00;tripinfo_car80;414.00;car80;0;4995.30;1.03;0.00;66.17;car;;0;0.00
659.00;end_private_0;1000.00;12.94;246.00;246.00;start_private_0;5.10;0.00;tripinfo_car81;413.00;car81;0;4995.30;1.00;0.00;52.32;car;;0;0.00
661.00;end_private_0;1000.00;13.95;249.00;249.00;start_private_0;5.10;0.00;tripinfo_car82;412.00;car82;0;4995.30;1.02;0.00;57.68;car;;0;0.00
663.00;end_private_0;1000.00;12.97;252.00;252.00;start_private_0;5.10;0.00;tripinfo_car83;411.00;car83;0;4995.30;0.97;0.00;38.53;car;;0;0.00
664.00;end_private_0;1000.00;15.05;255.00;255.00;start_private_0;5.10;0.00;tripinfo_car84;409.00;car84;0;4995.30;1.15;0.00;95.64;car;;0;0.00
666.00;end_private_0;1000.00;13.06;258.00;258.00;start_private_0;5.10;0.00;tripinfo_car85;408.00;car85;0;4995.30;0.98;0.00;39.39;car;;0;0.00
668.00;end_private_0;1000.00;13.29;261.00;261.00;start_private_0;5.10;0.00;tripinfo_car86;407.00;car86;0;4995.30;1.00;0.00;47.60;car;;0;0.00
670.00;end_private_0;1000.00;13.82;264.00;264.00;start_private_0;5.10;0.00;tripinfo_car87;406.00;car87;0;4995.30;1.04;0.00;60.43;car;;0;0.00
672.00;end_private_0;1000.00;13.13;267.00;267.00;start_private_0;5.10;0.00;tripinfo_car88;405.00;car88;0;4995.30;1.01;0.00;47.12;car;;0;0.00
673.00;end_private_0;1000.00;14.12;270.00;270.00;start_private_0;5.10;0.00;tripinfo_car89;403.00;car89;0;4995.30;1.02;0.00;50.90;car;;0;0.00
675.00;end_private_0;1000.00;13.78;273.00;273.00;start_private_0;5.10;0.00;tripinfo_car90;402.00;car90;0;4995.30;1.02;0.00;47.74;car;;0;0.00
705.00;end_private_0;1000.00;12.38;276.00;276.00;start_private_0;5.10;0.00;tripinfo_car91;429.00;car91;0;4995.30;0.89;0.00;25.06;car;;0;0.00
738.00;end_private_0;1000.00;11.46;279.00;279.00;start_private_0;5.10;0.00;tripinfo_car92;459.00;car92;0;4995.30;0.83;0.00;26.97;car;;0;0.00
740.00;end_private_0;1000.00;12.43;282.00;282.00;start_private_0;5.10;0.00;tripinfo_car93;458.00;car93;0;4995.30;0.92;0.00;66.89;car;;0;0.00
741.00;end_private_0;1000.00;13.60;285.00;285.00;start_private_0;5.10;0.00;tripinfo_car94;456.00;car94;0;4995.30;1.09;0.00;126.23;car;;0;0.00
743.00;end_private_0;1000.00;14.66;288.00;288.00;start_private_0;5.10;0.00;tripinfo_car95;455.00;car95;0;4995.30;1.06;0.00;114.22;car;;0;0.00
745.00;end_private_0;1000.00;13.03;291.00;291.00;start_private_0;5.10;0.00;tripinfo_car96;454.00;car96;0;4995.30;1.01;0.00;97.13;car;;0;0.00
747.00;end_private_0;1000.00;11.66;294.00;294.00;start_private_0;5.10;0.00;tripinfo_car97;453.00;car97;0;4995.30;0.91;0.00;55.66;car;;0;0.00
748.00;end_private_0;1000.00;14.01;297.00;297.00;start_private_0;5.10;0.00;tripinfo_car98;451.00;car98;0;4995.30;1.12;0.00;130.32;car;;0;0.00
750.00;end_private_0;1000.00;14.55;300.00;300.00;start_private_0;5.10;0.00;tripinfo_car99;450.00;car99;0;4995.30;1.10;0.00;121.83;car;;0;0.00
752.00;end_private_0;1000.00;13.73;303.00;303.00;start_private_0;5.10;0.00;tripinfo_car100;449.00;car100;0;4995.30;1.07;0.00;110.65;car;;0;0.00
754.00;end_private_0;1000.00;12.39;306.00;306.00;start_private_0;5.10;0.00;tripinfo_car101;448.00;car101;0;4995.30;0.96;0.00;71.51;car;;0;0.00
756.00;end_private_0;1000.00;12.79;309.00;309.00;start_private_0;5.10;0.00;tripinfo_car102;447.00;car102;0;4995.30;0.97;0.00;74.78;car;;0;0.00
757.00;end_private_0;1000.00;12.14;312.00;312.00;start_private_0;5.10;0.00;tripinfo_car103;445.00;car103;0;4995.30;0.95;0.00;67.43;car;;0;0.00
760.00;end_private_0;1000.00;11.90;315.00;315.00;start_private_0;5.10;0.00;tripinfo_car104;445.00;car104;0;4995.30;0.89;0.00;41.97;car;;0;0.00
761.00;end_private_0;1000.00;12.38;318.00;318.00;start_private_0;5.10;0.00;tripinfo_car105;443.00;car105;0;4995.30;1.07;0.00;107.73;car;;0;0.00
763.00;end_private_0;1000.00;13.51;321.00;321.00;start_private_0;5.10;0.00;tripinfo_car106;442.00;car106;0;4995.30;1.01;0.00;86.94;car;;0;0.00
765.00;end_private_0;1000.00;14.04;324.00;324.00;start_private_0;5.10;0.00;tripinfo_car107;441.00;car107;0;4995.30;1.03;0.00;92.67;car;;0;0.00
766.00;end_private_0;1000.00;13.90;327.00;327.00;start_private_0;5.10;0.00;tripinfo_car108;439.00;car108;0;4995.30;1.06;0.00;101.25;car;;0;0.00
769.00;end_private_0;1000.00;12.20;330.00;330.00;start_private_0;5.10;0.00;tripinfo_car109;439.00;car109;0;4995.30;0.96;0.00;63.38;car;;0;0.00
770.00;end_private_0;1000.00;12.03;333.00;333.00;start_private_0;5.10;0.00;tripinfo_car110;437.00;car110;0;4995.30;0.93;0.00;49.27;car;;0;0.00
780.00;end_private_0;1000.00;11.62;336.00;336.00;start_private_0;5.10;0.00;tripinfo_car111;444.00;car111;0;4995.30;0.87;0.00;28.02;car;;0;0.00
781.00;end_private_0;1000.00;13.69;339.00;339.00;start_private_0;5.10;0.00;tripinfo_car112;442.00;car112;0;4995.30;1.10;0.00;114.56;car;;0;0.00
783.00;end_private_0;1000.00;13.47;342.00;342.00;start_private_0;5.10;0.00;tripinfo_car113;441.00;car113;0;4995.30;1.01;0.00;84.20;car;;0;0.00
785.00;end_private_0;1000.00;14.87;345.00;345.00;start_private_0;5.10;0.00;tripinfo_car114;440.00;car114;0;4995.30;1.10;0.00;111.19;car;;0;0.00
787.00;end_private_0;1000.00;11.52;348.00;348.00;start_private_0;5.10;0.00;tripinfo_car115;439.00;car115;0;4995.30;0.92;0.00;48.44;car;;0;0.00
789.00;end_private_0;1000.00;14.65;351.00;351.00;start_private_0;5.10;0.00;tripinfo_car116;438.00;car116;0;4995.30;1.18;0.00;131.71;car;;0;0.00
790.00;end_private_0;1000.00;13.69;354.00;354.00;start_private_0;5.10;0.00;tripinfo_car117;436.00;car117;0;4995.30;1.00;0.00;77.72;car;;0;0.00
792.00;end_private_0;1000.00;12.64;357.00;357.00;start_private_0;5.10;0.00;tripinfo_car118;435.00;car118;0;4995.30;0.99;0.00;71.89;car;;0;0.00
794.00;end_private_0;1000.00;13.95;360.00;360.00;start_private_0;5.10;0.00;tripinfo_car119;434.00;car119;0;4995.30;1.07;0.00;97.63;car;;0;0.00
796.00;end_private_0;1000.00;12.66;363.00;363.00;start_private_0;5.10;0.00;tripinfo_car120;433.00;car120;0;4995.30;0.94;0.00;50.36;car;;0;0.00
797.00;end_private_0;1000.00;14.85;366.00;366.00;start_private_0;5.10;0.00;tripinfo_car121;431.00;car121;0;4995.30;1.10;0.00;104.91;car;;0;0.00
799.00;end_private_0;1000.00;13.31;369.00;369.00;start_private_0;5.10;0.00;tripinfo_car122;430.00;car122;0;4995.30;1.03;0.00;81.00;car;;0;0.00
801.00;end_private_0;1000.00;13.08;372.00;372.00;start_private_0;5.10;0.00;tripinfo_car123;429.00;car123;0;4995.30;1.02;0.00;77.01;car;;0;0.00
803.00;end_private_0;1000.00;14.64;375.00;375.00;start_private_0;5.10;0.00;tripinfo_car124;428.00;car124;0;4995.30;1.06;0.00;88.03;car;;0;0.00
804.00;end_private_0;1000.00;14.86;378.00;378.00;start_private_0;5.10;0.00;tripinfo_car125;426.00;car125;0;4995.30;1.15;0.00;113.72;car;;0;0.00
806.00;end_private_0;1000.00;14.06;381.00;381.00;start_private_0;5.10;0.00;tripinfo_car126;425.00;car126;0;4995.30;1.03;0.00;76.01;car;;0;0.00
850.00;end_private_0;1000.00;11.24;384.00;384.00;start_private_0;5.10;0.00;tripinfo_car127;466.00;car127;0;4995.30;0.82;0.00;27.58;car;;0;0.00
851.00;end_private_0;1000.00;13.28;387.00;387.00;start_private_0;5.10;0.00;tripinfo_car128;464.00;car128;0;4995.30;1.12;0.00;142.21;car;;0;0.00
853.00;end_private_0;1000.00;13.27;390.00;390.00;start_private_0;5.10;0.00;tripinfo_car129;463.00;car129;0;4995.30;1.01;0.00;105.77;car;;0;0.00
855.00;end_private_0;1000.00;14.02;393.00;393.00;start_private_0;5.10;0.00;tripinfo_car130;462.00;car130;0;4995.30;1.03;0.00;112.66;car;;0;0.00
856.00;end_private_0;1000.00;13.98;396.00;396.00;start_private_0;5.10;0.00;tripinfo_car131;460.00;car131;0;4995.30;1.07;0.00;123.12;car;;0;0.00
858.00;end_private_0;1000.00;12.51;399.00;399.00;start_private_0;5.10;0.00;tripinfo_car132;459.00;car132;0;4995.30;0.96;0.00;83.97;car;;0;0.00
860.00;end_private_0;1000.00;14.40;402.00;402.00;start_private_0;5.10;0.00;tripinfo_car133;458.00;car133;0;4995.30;1.04;0.00;110.65;car;;0;0.00
861.00;end_private_0;1000.00;16.26;405.00;405.00;start_private_0;5.10;0.00;tripinfo_car134;456.00;car134;0;4995.30;1.23;0.00;162.54;car;;0;0.00
863.00;end_private_0;1000.00;14.00;408.00;408.00;start_private_0;5.10;0.00;tripinfo_car135;455.00;car135;0;4995.30;1.01;0.00;99.29;car;;0;0.00
865.00;end_private_0;1000.00;14.60;411.00;411.00;start_private_0;5.10;0.00;tripinfo_car136;454.00;car136;0;4995.30;1.12;0.00;132.09;car;;0;0.00
867.00;end_private_0;1000.00;13.46;414.00;414.00;start_private_0;5.10;0.00;tripinfo_car137;453.00;car137;0;4995.30;1.02;0.00;98.00;car;;0;0.00
869.00;end_private_0;1000.00;13.83;417.00;417.00;start_private_0;5.10;0.00;tripinfo_car138;452.00;car138;0;4995.30;1.00;0.00;92.83;car;;0;0.00
871.00;end_private_0;1000.00;12.32;420.00;420.00;start_private_0;5.10;0.00;tripinfo_car139;451.00;car139;0;4995.30;0.95;0.00;72.99;car;;0;0.00
872.00;end_private_0;1000.00;13.97;423.00;423.00;start_private_0;5.10;0.00;tripinfo_car140;449.00;car140;0;4995.30;1.11;0.00;125.83;car;;0;0.00
874.00;end_private_0;1000.00;14.88;426.00;426.00;start_private_0;5.10;0.00;tripinfo_car141;448.00;car141;0;4995.30;1.16;0.00;138.56;car;;0;0.00
876.00;end_private_0;1000.00;11.99;429.00;429.00;start_private_0;5.10;0.00;tripinfo_car142;447.00;car142;0;4995.30;0.94;0.00;62.56;car;;0;0.00
878.00;end_private_0;1000.00;14.69;432.00;432.00;start_private_0;5.10;0.00;tripinfo_car143;446.00;car143;0;4995.30;1.13;0.00;126.71;car;;0;0.00
961.00;end_private_0;1000.00;9.44;435.00;435.00;start_private_0;5.10;0.00;tripinfo_car144;526.00;car144;0;4995.30;0.73;0.00;35.51;car;;0;0.00
963.00;end_private_0;1000.00;12.60;438.00;438.00;start_private_0;5.10;0.00;tripinfo_car145;525.00;car145;0;4995.30;1.14;0.00;209.32;car;;0;0.00
965.00;end_private_0;1000.00;11.32;441.00;441.00;start_private_0;5.10;0.00;tripinfo_car146;524.00;car146;0;4995.30;0.89;0.00;117.76;car;;0;0.00
966.00;end_private_0;1000.00;13.26;444.00;444.00;start_private_0;5.10;0.00;tripinfo_car147;522.00;car147;0;4995.30;1.00;0.00;163.03;car;;0;0.00
968.00;end_private_0;1000.00;12.61;447.00;447.00;start_private_0;5.10;0.00;tripinfo_car148;521.00;car148;0;4995.30;0.97;0.00;148.72;car;;0;0.00
970.00;end_private_0;1000.00;13.88;450.00;450.00;start_private_0;5.10;0.00;tripinfo_car149;520.00;car149;0;4995.30;1.04;0.00;173.42;car;;0;0.00
972.00;end_private_0;1000.00;13.33;453.00;453.00;start_private_0;5.10;0.00;tripinfo_car150;519.00;car150;0;4995.30;0.96;0.00;144.70;car;;0;0.00
973.00;end_private_0;1000.00;13.64;456.00;456.00;start_private_0;5.10;0.00;tripinfo_car151;517.00;car151;0;4995.30;1.00;0.00;158.90;car;;0;0.00
975.00;end_private_0;1000.00;14.20;459.00;459.00;start_private_0;5.10;0.00;tripinfo_car152;516.00;car152;0;4995.30;1.07;0.00;179.89;car;;0;0.00
977.00;end_private_0;1000.00;11.91;462.00;462.00;start_private_0;5.10;0.00;tripinfo_car153;515.00;car153;0;4995.30;0.93;0.00;126.72;car;;0;0.00
979.00;end_private_0;1000.00;14.13;465.00;465.00;start_private_0;5.10;0.00;tripinfo_car154;514.00;car154;0;4995.30;1.06;0.00;175.51;car;;0;0.00
980.00;end_private_0;1000.00;14.89;468.00;468.00;start_private_0;5.10;0.00;tripinfo_car155;512.00;car155;0;4995.30;1.12;0.00;191.89;car;;0;0.00
982.00;end_private_0;1000.00;16.05;471.00;471.00;start_private_0;5.10;0.00;tripinfo_car156;511.00;car156;0;4995.30;1.18;0.00;205.58;car;;0;0.00
984.00;end_private_0;1000.00;14.92;474.00;474.00;start_private_0;5.10;0.00;tripinfo_car157;510.00;car157;0;4995.30;1.08;0.00;176.00;car;;0;0.00
986.00;end_private_0;1000.00;11.97;477.00;477.00;start_private_0;5.10;0.00;tripinfo_car158;509.00;car158;0;4995.30;0.91;0.00;113.51;car;;0;0.00
988.00;end_private_0;1000.00;14.82;480.00;480.00;start_private_0;5.10;0.00;tripinfo_car159;508.00;car159;0;4995.30;1.14;0.00;192.52;car;;0;0.00
990.00;end_private_0;1000.00;11.58;483.00;483.00;start_private_0;5.10;0.00;tripinfo_car160;507.00;car160;0;4995.30;0.88;0.00;97.44;car;;0;0.00
992.00;end_private_0;1000.00;14.85;486.00;486.00;start_private_0;5.10;0.00;tripinfo_car161;506.00;car161;0;4995.30;1.08;0.00;171.69;car;;0;0.00
994.00;end_private_0;1000.00;13.45;489.00;489.00;start_private_0;5.10;0.00;tripinfo_car162;505.00;car162;0;4995.30;0.99;0.00;142.03;car;;0;0.00
995.00;end_private_0;1000.00;15.10;492.00;492.00;start_private_0;5.10;0.00;tripinfo_car163;503.00;car163;0;4995.30;1.13;0.00;183.74;car;;0;0.00
997.00;end_private_0;1000.00;14.27;495.00;495.00;start_private_0;5.10;0.00;tripinfo_car164;502.00;car164;0;4995.30;1.05;0.00;159.87;car;;0;0.00
999.00;end_private_0;1000.00;12.05;497.00;497.00;start_private_0;5.10;0.00;tripinfo_car165;502.00;car165;0;4995.30;0.91;0.00;108.49;car;;0;0.00
1001.00;end_private_0;1000.00;13.20;500.00;500.00;start_private_0;5.10;0.00;tripinfo_car166;501.00;car166;0;4995.30;1.00;0.00;142.32;car;;0;0.00
1002.00;end_private_0;1000.00;13.74;503.00;503.00;start_private_0;5.10;0.00;tripinfo_car167;499.00;car167;0;4995.30;1.03;0.00;149.69;car;;0;0.00
1004.00;end_private_0;1000.00;13.57;506.00;506.00;start_private_0;5.10;0.00;tripinfo_car168;498.00;car168;0;4995.30;0.98;0.00;132.25;car;;1;1.00
1007.00;end_private_0;1000.00;12.46;510.00;510.00;start_private_0;5.10;0.00;tripinfo_car169;497.00;car169;0;4995.30;0.94;0.00;113.54;car;;0;0.00
1008.00;end_private_0;1000.00;14.14;513.00;513.00;start_private_0;5.10;0.00;tripinfo_car170;495.00;car170;0;4995.30;1.09;0.00;163.80;car;;0;0.00
1010.00;end_private_0;1000.00;12.20;516.00;516.00;start_private_0;5.10;0.00;tripinfo_car171;494.00;car171;0;4995.30;0.90;0.00;92.48;car;;0;0.00
1012.00;end_private_0;1000.00;11.11;519.00;519.00;start_private_0;5.10;0.00;tripinfo_car172;493.00;car172;0;4995.30;0.89;0.00;89.91;car;;0;0.00
1014.00;end_private_0;1000.00;15.78;522.00;522.00;start_private_0;5.10;0.00;tripinfo_car173;492.00;car173;0;4995.30;1.14;0.00;176.30;car;;0;0.00
1016.00;end_private_0;1000.00;13.16;525.00;525.00;start_private_0;5.10;0.00;tripinfo_car174;491.00;car174;0;4995.30;0.96;0.00;113.97;car;;0;0.00
1018.00;end_private_0;1000.00;12.40;528.00;528.00;start_private_0;5.10;0.00;tripinfo_car175;490.00;car175;0;4995.30;0.92;0.00;97.83;car;;0;0.00
1019.00;end_private_0;1000.00;14.17;531.00;531.00;start_private_0;5.10;0.00;tripinfo_car176;488.00;car176;0;4995.30;1.09;0.00;157.69;car;;0;0.00
1021.00;end_private_0;1000.00;13.94;534.00;534.00;start_private_0;5.10;0.00;tripinfo_car177;487.00;car177;0;4995.30;1.03;0.00;137.63;car;;0;0.00
1023.00;end_private_0;1000.00;13.86;537.00;537.00;start_private_0;5.10;0.00;tripinfo_car178;486.00;car178;0;4995.30;1.08;0.00;153.22;car;;0;0.00
1024.00;end_private_0;1000.00;13.79;540.00;540.00;start_private_0;5.10;0.00;tripinfo_car179;484.00;car179;0;4995.30;1.06;0.00;145.96;car;;0;0.00
1026.00;end_private_0;1000.00;14.23;543.00;543.00;start_private_0;5.10;0.00;tripinfo_car180;483.00;car180;0;4995.30;1.10;0.00;155.55;car;;0;0.00
1028.00;end_private_0;1000.00;13.87;546.00;546.00;start_private_0;5.10;0.00;tripinfo_car181;482.00;car181;0;4995.30;1.03;0.00;130.77;car;;0;0.00
1030.00;end_private_0;1000.00;13.39;549.00;549.00;start_private_0;5.10;0.00;tripinfo_car182;481.00;car182;0;4995.30;1.03;0.00;130.86;car;;0;0.00
1031.00;end_private_0;1000.00;14.49;552.00;552.00;start_private_0;5.10;0.00;tripinfo_car183;479.00;car183;0;4995.30;1.08;0.00;146.40;car;;0;0.00
1033.00;end_private_0;1000.00;12.04;555.00;555.00;start_private_0;5.10;0.00;tripinfo_car184;478.00;car184;0;4995.30;0.94;0.00;96.17;car;;0;0.00
1036.00;end_private_0;1000.00;12.17;558.00;558.00;start_private_0;5.10;0.00;tripinfo_car185;478.00;car185;0;4995.30;0.92;0.00;84.59;car;;0;0.00
1037.00;end_private_0;1000.00;12.38;561.00;561.00;start_private_0;5.10;0.00;tripinfo_car186;476.00;car186;0;4995.30;1.08;0.00;142.63;car;;0;0.00
1040.00;end_private_0;1000.00;11.85;564.00;564.00;start_private_0;5.10;0.00;tripinfo_car187;476.00;car187;0;4995.30;0.89;0.00;71.63;car;;0;0.00
1041.00;end_private_0;1000.00;12.65;568.00;568.00;start_private_0;5.10;0.00;tripinfo_car188;473.00;car188;0;4995.30;0.97;0.00;102.63;car;;0;0.00
1043.00;end_private_0;1000.00;13.18;571.00;571.00;start_private_0;5.10;0.00;tripinfo_car189;472.00;car189;0;4995.30;0.97;0.00;101.16;car;;0;0.00
1045.00;end_private_0;1000.00;11.99;574.00;574.00;start_private_0;5.10;0.00;tripinfo_car190;471.00;car190;0;4995.30;0.90;0.00;71.58;car;;0;0.00
1047.00;end_private_0;1000.00;12.46;577.00;577.00;start_private_0;5.10;0.00;tripinfo_car191;470.00;car191;0;4995.30;0.93;0.00;81.70;car;;0;0.00
1048.00;end_private_0;1000.00;14.29;580.00;580.00;start_private_0;5.10;0.00;tripinfo_car192;468.00;car192;0;4995.30;1.10;0.00;139.70;car;;0;0.00
1050.00;end_private_0;1000.00;14.47;583.00;583.00;start_private_0;5.10;0.00;tripinfo_car193;467.00;car193;0;4995.30;1.07;0.00;129.87;car;;0;0.00
1052.00;end_private_0;1000.00;12.66;586.00;586.00;start_private_0;5.10;0.00;tripinfo_car194;466.00;car194;0;4995.30;1.00;0.00;105.42;car;;0;0.00
1056.00;end_private_0;1000.00;11.35;589.00;589.00;start_private_0;5.10;0.00;tripinfo_car195;467.00;car195;0;4995.30;0.84;0.00;39.32;car;;0;0.00
1058.00;end_private_0;1000.00;13.66;592.00;592.00;start_private_0;5.10;0.00;tripinfo_car196;466.00;car196;0;4995.30;1.03;0.00;116.29;car;;0;0.00
1060.00;end_private_0;1000.00;10.92;595.00;595.00;start_private_0;5.10;0.00;tripinfo_car197;465.00;car197;0;4995.30;0.87;0.00;52.45;car;;0;0.00
1062.00;end_private_0;1000.00;14.21;598.00;598.00;start_private_0;5.10;0.00;tripinfo_car198;464.00;car198;0;4995.30;1.06;0.00;125.28;car;;0;0.00
1064.00;end_private_0;1000.00;10.25;601.00;601.00;start_private_0;5.10;0.00;tripinfo_car199;463.00;car199;0;4995.30;0.83;0.00;28.42;car;;0;0.00
2327.00;end_public_0;1000.00;18.16;2040.00;0.00;start_public_0;20.10;0.00;tripinfo_bus0;287.00;bus0;0;4980.30;1.32;0.00;14.75;bus;;0;0.00
2407.00;end_private_0;1000.00;13.90;2040.00;0.00;start_private_0;5.10;0.00;tripinfo_car0;367.00;car0;0;4995.30;1.04;0.00;20.61;car;;0;0.00
2408.00;end_private_0;1000.00;15.65;2043.00;3.00;start_private_0;5.10;0.00;tripinfo_car1;365.00;car1;0;4995.30;1.14;0.00;49.60;car;;0;0.00
2439.00;end_private_0;1000.00;12.54;2046.00;6.00;start_private_0;5.10;0.00;tripinfo_car2;393.00;car2;0;4995.30;0.97;0.00;22.02;car;;0;0.00
2441.00;end_private_0;1000.00;14.88;2049.00;9.00;start_private_0;5.10;0.00;tripinfo_car3;392.00;car3;0;4995.30;1.15;0.00;79.20;car;;0;0.00
2472.00;end_private_0;1000.00;11.96;2052.00;12.00;start_private_0;5.10;0.00;tripinfo_car4;420.00;car4;0;4995.30;0.91;0.00;24.40;car;;0;0.00
2473.00;end_private_0;1000.00;12.62;2055.00;15.00;start_private_0;5.10;0.00;tripinfo_car5;418.00;car5;0;4995.30;0.96;0.00;42.51;car;;0;0.00
2475.00;end_private_0;1000.00;14.42;2058.00;18.00;start_private_0;5.10;0.00;tripinfo_car6;417.00;car6;0;4995.30;1.04;0.00;71.13;car;;0;0.00
2493.00;end_private_0;1000.00;12.22;2061.00;21.00;start_private_0;5.10;0.00;tripinfo_car7;432.00;car7;0;4995.30;0.88;0.00;24.88;car;;0;0.00
2495.00;end_private_0;1000.00;14.84;2064.00;24.00;start_private_0;5.10;0.00;tripinfo_car8;431.00;car8;0;4995.30;1.10;0.00;101.75;car;;0;0.00
2496.00;end_private_0;1000.00;14.84;2067.00;27.00;start_private_0;5.10;0.00;tripinfo_car9;429.00;car9;0;4995.30;1.13;0.00;109.75;car;;0;0.00
2498.00;end_private_0;1000.00;12.72;2070.00;30.00;start_private_0;5.10;0.00;tripinfo_car10;428.00;car10;0;4995.30;0.95;0.00;49.57;car;;0;0.00
2500.00;end_private_0;1000.00;14.03;2073.00;33.00;start_private_0;5.10;0.00;tripinfo_car11;427.00;car11;0;4995.30;1.01;0.00;71.21;car;;0;0.00
2502.00;end_private_0;1000.00;13.20;2076.00;36.00;start_private_0;5.10;0.00;tripinfo_car12;426.00;car12;0;4995.30;0.97;0.00;54.26;car;;0;0.00
2503.00;end_private_0;1000.00;13.73;2079.00;39.00;start_private_0;5.10;0.00;tripinfo_car13;424.00;car13;0;4995.30;0.99;0.00;60.35;car;;0;0.00
2504.00;end_public_0;1000.00;11.05;2045.00;5.00;start_public_0;20.10;0.00;tripinfo_bus1;459.00;bus1;0;4980.30;0.83;0.00;27.53;bus;;0;0.00
2505.00;end_private_0;1000.00;13.30;2082.00;42.00;start_private_0;5.10;0.00;tripinfo_car14;423.00;car14;0;4995.30;1.02;0.00;71.22;car;;0;0.00
2506.00;end_public_0;1000.00;13.38;2050.00;10.00;start_public_0;20.10;0.00;tripinfo_bus2;456.00;bus2;0;4980.30;1.05;0.00;115.59;bus;;0;0.00
2507.00;end_private_0;1000.00;13.31;2085.00;45.00;start_private_0;5.10;0.00;tripinfo_car15;422.00;car15;0;4995.30;1.01;0.00;65.41;car;;0;0.00
2509.00;end_private_0;1000.00;12.32;2088.00;48.00;start_private_0;5.10;0.00;tripinfo_car16;421.00;car16;0;4995.30;0.97;0.00;50.50;car;;0;0.00
2509.00;end_public_0;1000.00;13.30;2055.00;15.00;start_public_0;20.10;0.00;tripinfo_bus3;454.00;bus3;0;4980.30;1.05;0.00;111.84;bus;;0;0.00
2510.00;end_private_0;1000.00;14.12;2091.00;51.00;start_private_0;5.10;0.00;tripinfo_car17;419.00;car17;0;4995.30;1.04;0.00;73.23;car;;0;0.00
2512.00;end_private_0;1000.00;15.76;2094.00;54.00;start_private_0;5.10;0.00;tripinfo_car18;418.00;car18;0;4995.30;1.14;0.00;102.01;car;;0;0.00
2514.00;end_private_0;1000.00;15.35;2097.00;57.00;start_private_0;5.10;0.00;tripinfo_car19;417.00;car19;0;4995.30;1.11;0.00;92.75;car;;0;0.00
2516.00;end_private_0;1000.00;12.47;2100.00;60.00;start_private_0;5.10;0.00;tripinfo_car20;416.00;car20;0;4995.30;0.93;0.00;29.75;car;;0;0.00
2539.00;end_private_0;1000.00;11.41;2103.00;63.00;start_private_0;5.10;0.00;tripinfo_car21;436.00;car21;0;4995.30;0.88;0.00;25.75;car;;0;0.00
2540.00;end_private_0;1000.00;13.45;2106.00;66.00;start_private_0;5.10;0.00;tripinfo_car22;434.00;car22;0;4995.30;0.99;0.00;69.76;car;;0;0.00
2542.00;end_private_0;1000.00;12.93;2109.00;69.00;start_private_0;5.10;0.00;tripinfo_car23;433.00;car23;0;4995.30;0.98;0.00;65.60;car;;0;0.00
2548.00;end_private_0;1000.00;11.77;2112.00;72.00;start_private_0;5.10;0.00;tripinfo_car24;436.00;car24;0;4995.30;0.88;0.00;26.28;car;;0;0.00
2561.00;end_public_0;1000.00;10.26;2060.00;20.00;start_public_0;20.10;0.00;tripinfo_bus4;501.00;bus4;0;4980.30;0.76;0.00;31.03;bus;;0;0.00
2564.00;end_public_0;1000.00;13.84;2065.00;25.00;start_public_0;20.10;0.00;tripinfo_bus5;499.00;bus5;0;4980.30;1.06;0.00;161.20;bus;;0;0.00
2567.00;end_public_0;1000.00;11.05;2070.00;30.00;start_public_0;20.10;0.00;tripinfo_bus6;497.00;bus6;0;4980.30;0.88;0.00;89.98;bus;;0;0.00
2570.00;end_public_0;1000.00;13.99;2075.00;35.00;start_public_0;20.10;0.00;tripinfo_bus7;495.00;bus7;0;4980.30;1.04;0.00;149.15;bus;;0;0.00
2572.00;end_public_0;1000.00;15.83;2080.00;40.00;start_public_0;20.10;0.00;tripinfo_bus8;492.00;bus8;0;4980.30;1.17;0.00;184.60;bus;;0;0.00
2576.00;end_public_0;1000.00;11.68;2085.00;45.00;start_public_0;20.10;0.00;tripinfo_bus9;491.00;bus9;0;4980.30;0.93;0.00;104.25;bus;;0;0.00
2579.00;end_public_0;1000.00;11.82;2090.00;50.00;start_public_0;20.10;0.00;tripinfo_bus10;489.00;bus10;0;4980.30;0.89;0.00;88.00;bus;;0;0.00
2582.00;end_public_0;1000.00;12.54;2095.00;55.00;start_public_0;20.10;0.00;tripinfo_bus11;487.00;bus11;0;4980.30;0.93;0.00;100.20;bus;;0;0.00
2585.00;end_public_0;1000.00;14.32;2100.00;60.00;start_public_0;20.10;0.00;tripinfo_bus12;485.00;bus12;0;4980.30;1.11;0.00;160.71;bus;;0;0.00
2587.00;end_public_0;1000.00;17.11;2105.00;65.00;start_public_0;20.10;0.00;tripinfo_bus13;482.00;bus13;0;4980.30;1.24;0.00;192.29;bus;;0;0.00
2591.00;end_public_0;1000.00;12.20;2109.00;69.00;start_public_0;20.10;0.00;tripinfo_bus14;482.00;bus14;0;4980.30;0.96;0.00;107.29;bus;;0;0.00
2594.00;end_public_0;1000.00;13.10;2114.00;74.00;start_public_0;20.10;0.00;tripinfo_bus15;480.00;bus15;0;4980.30;0.97;0.00;109.87;bus;;0;0.00
2597.00;end_public_0;1000.00;12.93;2119.00;79.00;start_public_0;20.10;0.00;tripinfo_bus16;478.00;bus16;0;4980.30;1.02;0.00;124.54;bus;;0;0.00
2599.00;end_public_0;1000.00;15.87;2123.00;83.00;start_public_0;20.10;0.00;tripinfo_bus17;476.00;bus17;0;4980.30;1.20;0.00;177.02;bus;;0;0.00
2605.00;end_public_0;1000.00;11.05;2128.00;88.00;start_public_0;20.10;0.00;tripinfo_bus18;477.00;bus18;0;4980.30;0.88;0.00;66.90;bus;;0;0.00
2608.00;end_public_0;1000.00;15.37;2133.00;93.00;start_public_0;20.10;0.00;tripinfo_bus19;475.00;bus19;0;4980.30;1.12;0.00;154.16;bus;;0;0.00
2610.00;end_public_0;1000.00;13.95;2137.00;97.00;start_public_0;20.10;0.00;tripinfo_bus20;473.00;bus20;0;4980.30;1.07;0.00;136.80;bus;;0;0.00
2614.00;end_public_0;1000.00;11.29;2142.00;102.00;start_public_0;20.10;0.00;tripinfo_bus21;472.00;bus21;0;4980.30;0.89;0.00;68.51;bus;;0;0.00
2617.00;end_public_0;1000.00;13.47;2147.00;107.00;start_public_0;20.10;0.00;tripinfo_bus22;470.00;bus22;0;4980.30;0.98;0.00;101.79;bus;;0;0.00
2620.00;end_public_0;1000.00;13.52;2152.00;112.00;start_public_0;20.10;0.00;tripinfo_bus23;468.00;bus23;0;4980.30;0.99;0.00;103.70;bus;;0;0.00
2624.00;end_public_0;1000.00;11.76;2156.00;116.00;start_public_0;20.10;0.00;tripinfo_bus24;468.00;bus24;0;4980.30;0.86;0.00;52.14;bus;;0;0.00
2627.00;end_public_0;1000.00;11.31;2161.00;121.00;start_public_0;20.10;0.00;tripinfo_bus25;466.00;bus25;0;4980.30;0.89;0.00;61.86;bus;;0;0.00
2630.00;end_public_0;1000.00;13.69;2166.00;126.00;start_public_0;20.10;0.00;tripinfo_bus26;464.00;bus26;0;4980.30;1.08;0.00;130.72;bus;;0;0.00
2633.00;end_public_0;1000.00;15.19;2170.00;130.00;start_public_0;20.10;0.00;tripinfo_bus27;463.00;bus27;0;4980.30;1.11;0.00;138.76;bus;;0;0.00
2656.00;end_public_0;1000.00;10.96;2175.00;135.00;start_public_0;20.10;0.00;tripinfo_bus28;481.00;bus28;0;4980.30;0.80;0.00;29.70;bus;;0;0.00
2661.00;end_private_0;1000.00;9.30;2115.00;75.00;start_private_0;5.10;0.00;tripinfo_car25;546.00;car25;0;4995.30;0.71;0.00;38.30;car;;0;0.00
2663.00;end_private_0;1000.00;13.21;2118.00;78.00;start_private_0;5.10;0.00;tripinfo_car26;545.00;car26;0;4995.30;0.96;0.00;171.17;car;;0;0.00
2664.00;end_private_0;1000.00;12.83;2121.00;81.00;start_private_0;5.10;0.00;tripinfo_car27;543.00;car27;0;4995.30;1.30;0.00;266.31;car;;0;0.00
2666.00;end_private_0;1000.00;14.09;2124.00;84.00;start_private_0;5.10;0.00;tripinfo_car28;542.00;car28;0;4995.30;1.01;0.00;187.03;car;;0;0.00
2668.00;end_private_0;1000.00;10.48;2127.00;87.00;start_private_0;5.10;0.00;tripinfo_car29;541.00;car29;0;4995.30;0.84;0.00;110.85;car;;0;0.00
2671.00;end_private_0;1000.00;10.15;2130.00;90.00;start_private_0;5.10;0.00;tripinfo_car30;541.00;car30;0;4995.30;0.75;0.00;62.41;car;;0;0.00
2673.00;end_private_0;1000.00;13.80;2133.00;93.00;start_private_0;5.10;0.00;tripinfo_car31;540.00;car31;0;4995.30;1.13;0.00;221.43;car;;0;0.00
2674.00;end_private_0;1000.00;12.51;2136.00;96.00;start_private_0;5.10;0.00;tripinfo_car32;538.00;car32;0;4995.30;1.04;0.00;193.68;car;;0;0.00
2676.00;end_private_0;1000.00;12.86;2139.00;99.00;start_private_0;5.10;0.00;tripinfo_car33;537.00;car33;0;4995.30;0.96;0.00;161.09;car;;0;0.00
2678.00;end_private_0;1000.00;15.27;2142.00;102.00;start_private_0;5.10;0.00;tripinfo_car34;536.00;car34;0;4995.30;1.13;0.00;216.78;car;;0;0.00
2678.00;end_public_0;1000.00;9.66;2180.00;140.00;start_public_0;20.10;0.00;tripinfo_bus29;498.00;bus29;0;4980.30;0.77;0.00;31.64;bus;;0;0.00
2680.00;end_private_0;1000.00;12.24;2145.00;105.00;start_private_0;5.10;0.00;tripinfo_car35;535.00;car35;0;4995.30;0.96;0.00;161.51;car;;0;0.00
2682.00;end_private_0;1000.00;12.92;2148.00;108.00;start_private_0;5.10;0.00;tripinfo_car36;534.00;car36;0;4995.30;0.98;0.00;166.31;car;;0;0.00
2684.00;end_private_0;1000.00;11.49;2151.00;111.00;start_private_0;5.10;0.00;tripinfo_car37;533.00;car37;0;4995.30;0.92;0.00;139.16;car;;0;0.00
2685.00;end_private_0;1000.00;12.37;2154.00;114.00;start_private_0;5.10;0.00;tripinfo_car38;531.00;car38;0;4995.30;0.96;0.00;157.81;car;;0;0.00
2687.00;end_private_0;1000.00;14.99;2157.00;117.00;start_private_0;5.10;0.00;tripinfo_car39;530.00;car39;0;4995.30;1.26;0.00;244.57;car;;0;0.00
2689.00;end_private_0;1000.00;13.28;2160.00;120.00;start_private_0;5.10;0.00;tripinfo_car40;529.00;car40;0;4995.30;0.97;0.00;158.03;car;;0;0.00
2691.00;end_private_0;1000.00;11.19;2163.00;123.00;start_private_0;5.10;0.00;tripinfo_car41;528.00;car41;0;4995.30;0.87;0.00;112.82;car;;0;0.00
2693.00;end_private_0;1000.00;14.04;2166.00;126.00;start_private_0;5.10;0.00;tripinfo_car42;527.00;car42;0;4995.30;1.05;0.00;184.29;car;;0;0.00
2695.00;end_private_0;1000.00;13.62;2169.00;129.00;start_private_0;5.10;0.00;tripinfo_car43;526.00;car43;0;4995.30;0.98;0.00;158.43;car;;0;0.00
2697.00;end_private_0;1000.00;11.24;2172.00;132.00;start_private_0;5.10;0.00;tripinfo_car44;525.00;car44;0;4995.30;0.85;0.00;103.64;car;;0;0.00
2699.00;end_private_0;1000.00;13.08;2175.00;135.00;start_private_0;5.10;0.00;tripinfo_car45;524.00;car45;0;4995.30;0.97;0.00;153.83;car;;0;0.00
2700.00;end_private_0;1000.00;12.09;2178.00;138.00;start_private_0;5.10;0.00;tripinfo_car46;522.00;car46;0;4995.30;0.87;0.00;109.12;car;;0;0.00
2702.00;end_private_0;1000.00;15.79;2181.00;141.00;start_private_0;5.10;0.00;tripinfo_car47;521.00;car47;0;4995.30;1.21;0.00;222.55;car;;0;0.00
2704.00;end_private_0;1000.00;12.65;2184.00;144.00;start_private_0;5.10;0.00;tripinfo_car48;520.00;car48;0;4995.30;0.99;0.00;156.21;car;;0;0.00
2706.00;end_private_0;1000.00;12.42;2187.00;147.00;start_private_0;5.10;0.00;tripinfo_car49;519.00;car49;0;4995.30;0.97;0.00;147.09;car;;0;0.00
2707.00;end_private_0;1000.00;13.72;2190.00;150.00;start_private_0;5.10;0.00;tripinfo_car50;517.00;car50;0;4995.30;0.99;0.00;154.76;car;;0;0.00
2709.00;end_private_0;1000.00;13.72;2193.00;153.00;start_private_0;5.10;0.00;tripinfo_car51;516.00;car51;0;4995.30;1.08;0.00;182.68;car;;0;0.00
2711.00;end_private_0;1000.00;12.09;2196.00;156.00;start_private_0;5.10;0.00;tripinfo_car52;515.00;car52;0;4995.30;0.95;0.00;134.40;car;;0;0.00
2713.00;end_private_0;1000.00;13.20;2199.00;159.00;start_private_0;5.10;0.00;tripinfo_car53;514.00;car53;0;4995.30;1.02;0.00;160.19;car;;0;0.00
2718.00;end_private_0;1000.00;10.43;2202.00;162.00;start_private_0;5.10;0.00;tripinfo_car54;516.00;car54;0;4995.30;0.76;0.00;40.69;car;;0;0.00
2720.00;end_private_0;1000.00;12.90;2205.00;165.00;start_private_0;5.10;0.00;tripinfo_car55;515.00;car55;0;4995.30;1.04;0.00;167.49;car;;0;0.00
2721.00;end_private_0;1000.00;12.98;2208.00;168.00;start_private_0;5.10;0.00;tripinfo_car56;513.00;car56;0;4995.30;0.98;0.00;145.40;car;;0;0.00
2723.00;end_private_0;1000.00;12.34;2211.00;171.00;start_private_0;5.10;0.00;tripinfo_car57;512.00;car57;0;4995.30;0.89;0.00;107.61;car;;0;0.00
2725.00;end_private_0;1000.00;15.20;2214.00;174.00;start_private_0;5.10;0.00;tripinfo_car58;511.00;car58;0;4995.30;1.10;0.00;184.36;car;;0;0.00
2726.00;end_private_0;1000.00;15.89;2217.00;177.00;start_private_0;5.10;0.00;tripinfo_car59;509.00;car59;0;4995.30;1.19;0.00;207.63;car;;0;0.00
2728.00;end_private_0;1000.00;12.41;2220.00;180.00;start_private_0;5.10;0.00;tripinfo_car60;508.00;car60;0;4995.30;0.97;0.00;136.97;car;;0;0.00
2730.00;end_private_0;1000.00;12.25;2223.00;183.00;start_private_0;5.10;0.00;tripinfo_car61;507.00;car61;0;4995.30;0.97;0.00;135.30;car;;0;0.00
2732.00;end_private_0;1000.00;14.58;2226.00;186.00;start_private_0;5.10;0.00;tripinfo_car62;506.00;car62;0;4995.30;1.09;0.00;176.80;car;;0;0.00
2734.00;end_private_0;1000.00;15.49;2229.00;189.00;start_private_0;5.10;0.00;tripinfo_car63;505.00;car63;0;4995.30;1.14;0.00;187.28;car;;0;0.00
2735.00;end_private_0;1000.00;13.61;2232.00;192.00;start_private_0;5.10;0.00;tripinfo_car64;503.00;car64;0;4995.30;1.05;0.00;160.49;car;;0;0.00
2737.00;end_private_0;1000.00;13.28;2235.00;195.00;start_private_0;5.10;0.00;tripinfo_car65;502.00;car65;0;4995.30;0.96;0.00;127.99;car;;0;0.00
2739.00;end_private_0;1000.00;14.09;2238.00;198.00;start_private_0;5.10;0.00;tripinfo_car66;501.00;car66;0;4995.30;1.10;0.00;174.26;car;;0;0.00
2741.00;end_private_0;1000.00;13.54;2241.00;201.00;start_private_0;5.10;0.00;tripinfo_car67;500.00;car67;0;4995.30;0.98;0.00;133.68;car;;0;0.00
2743.00;end_private_0;1000.00;12.89;2244.00;204.00;start_private_0;5.10;0.00;tripinfo_car68;499.00;car68;0;4995.30;0.98;0.00;132.28;car;;0;0.00
2744.00;end_private_0;1000.00;15.34;2247.00;207.00;start_private_0;5.10;0.00;tripinfo_car69;497.00;car69;0;4995.30;1.16;0.00;186.09;car;;0;0.00
2746.00;end_private_0;1000.00;13.86;2250.00;210.00;start_private_0;5.10;0.00;tripinfo_car70;496.00;car70;0;4995.30;1.07;0.00;159.60;car;;0;0.00
2748.00;end_private_0;1000.00;12.77;2253.00;213.00;start_private_0;5.10;0.00;tripinfo_car71;495.00;car71;0;4995.30;0.94;0.00;111.14;car;;0;0.00
2750.00;end_private_0;1000.00;12.61;2256.00;216.00;start_private_0;5.10;0.00;tripinfo_car72;494.00;car72;0;4995.30;0.98;0.00;126.93;car;;0;0.00
2752.00;end_private_0;1000.00;13.39;2259.00;219.00;start_private_0;5.10;0.00;tripinfo_car73;493.00;car73;0;4995.30;1.04;0.00;147.38;car;;0;0.00
2754.00;end_private_0;1000.00;13.60;2262.00;222.00;start_private_0;5.10;0.00;tripinfo_car74;492.00;car74;0;4995.30;0.98;0.00;124.58;car;;0;0.00
2756.00;end_private_0;1000.00;12.25;2265.00;225.00;start_private_0;5.10;0.00;tripinfo_car75;491.00;car75;0;4995.30;0.96;0.00;114.18;car;;0;0.00
2757.00;end_private_0;1000.00;13.55;2268.00;228.00;start_private_0;5.10;0.00;tripinfo_car76;489.00;car76;0;4995.30;1.06;0.00;148.64;car;;0;0.00
2759.00;end_private_0;1000.00;12.47;2271.00;231.00;start_private_0;5.10;0.00;tripinfo_car77;488.00;car77;0;4995.30;0.99;0.00;123.30;car;;0;0.00
2761.00;end_private_0;1000.00;13.56;2274.00;234.00;start_private_0;5.10;0.00;tripinfo_car78;487.00;car78;0;4995.30;0.99;0.00;123.51;car;;0;0.00
2763.00;end_private_0;1000.00;14.20;2277.00;237.00;start_private_0;5.10;0.00;tripinfo_car79;486.00;car79;0;4995.30;1.05;0.00;141.80;car;;0;0.00
2765.00;end_private_0;1000.00;12.54;2280.00;240.00;start_private_0;5.10;0.00;tripinfo_car80;485.00;car80;0;4995.30;0.90;0.00;86.46;car;;0;0.00
2767.00;end_private_0;1000.00;14.21;2283.00;243.00;start_private_0;5.10;0.00;tripinfo_car81;484.00;car81;0;4995.30;1.09;0.00;154.58;car;;0;0.00
2768.00;end_private_0;1000.00;14.33;2286.00;246.00;start_private_0;5.10;0.00;tripinfo_car82;482.00;car82;0;4995.30;1.11;0.00;158.59;car;;0;0.00
2770.00;end_private_0;1000.00;13.79;2289.00;249.00;start_private_0;5.10;0.00;tripinfo_car83;481.00;car83;0;4995.30;1.07;0.00;145.55;car;;0;0.00
2772.00;end_private_0;1000.00;16.47;2292.00;252.00;start_private_0;5.10;0.00;tripinfo_car84;480.00;car84;0;4995.30;1.21;0.00;182.04;car;;0;0.00
2773.00;end_private_0;1000.00;15.86;2295.00;255.00;start_private_0;5.10;0.00;tripinfo_car85;478.00;car85;0;4995.30;1.15;0.00;165.22;car;;0;0.00
2775.00;end_private_0;1000.00;15.57;2298.00;258.00;start_private_0;5.10;0.00;tripinfo_car86;477.00;car86;0;4995.30;1.13;0.00;158.73;car;;0;0.00
2777.00;end_private_0;1000.00;13.34;2301.00;261.00;start_private_0;5.10;0.00;tripinfo_car87;476.00;car87;0;4995.30;0.98;0.00;107.16;car;;0;0.00
2779.00;end_private_0;1000.00;15.54;2304.00;264.00;start_private_0;5.10;0.00;tripinfo_car88;475.00;car88;0;4995.30;1.18;0.00;169.66;car;;0;0.00
2781.00;end_private_0;1000.00;15.64;2307.00;267.00;start_private_0;5.10;0.00;tripinfo_car89;474.00;car89;0;4995.30;1.13;0.00;156.10;car;;0;0.00
2782.00;end_private_0;1000.00;15.35;2310.00;270.00;start_private_0;5.10;0.00;tripinfo_car90;472.00;car90;0;4995.30;1.16;0.00;160.85;car;;0;0.00
2786.00;end_private_0;1000.00;11.60;2313.00;273.00;start_private_0;5.10;0.00;tripinfo_car91;473.00;car91;0;4995.30;0.87;0.00;61.23;car;;0;0.00
2788.00;end_private_0;1000.00;11.56;2316.00;276.00;start_private_0;5.10;0.00;tripinfo_car92;472.00;car92;0;4995.30;0.87;0.00;56.95;car;;0;0.00
2791.00;end_private_0;1000.00;11.42;2319.00;279.00;start_private_0;5.10;0.00;tripinfo_car93;472.00;car93;0;4995.30;0.82;0.00;35.72;car;;1;1.00
2793.00;end_private_0;1000.00;12.16;2323.00;283.00;start_private_0;5.10;0.00;tripinfo_car94;470.00;car94;0;4995.30;0.94;0.00;85.76;car;;0;0.00
2795.00;end_private_0;1000.00;12.87;2326.00;286.00;start_private_0;5.10;0.00;tripinfo_car95;469.00;car95;0;4995.30;1.01;0.00;111.23;car;;0;0.00
2797.00;end_private_0;1000.00;11.76;2329.00;289.00;start_private_0;5.10;0.00;tripinfo_car96;468.00;car96;0;4995.30;0.93;0.00;78.60;car;;0;0.00
2798.00;end_private_0;1000.00;12.44;2332.00;292.00;start_private_0;5.10;0.00;tripinfo_car97;466.00;car97;0;4995.30;0.95;0.00;88.05;car;;0;0.00
2800.00;end_private_0;1000.00;13.32;2335.00;295.00;start_private_0;5.10;0.00;tripinfo_car98;465.00;car98;0;4995.30;1.00;0.00;106.51;car;;0;0.00
2802.00;end_private_0;1000.00;11.84;2338.00;298.00;start_private_0;5.10;0.00;tripinfo_car99;464.00;car99;0;4995.30;0.90;0.00;63.54;car;;0;0.00
2804.00;end_private_0;1000.00;12.60;2341.00;301.00;start_private_0;5.10;0.00;tripinfo_car100;463.00;car100;0;4995.30;0.96;0.00;86.54;car;;0;0.00
2806.00;end_private_0;1000.00;13.73;2344.00;304.00;start_private_0;5.10;0.00;tripinfo_car101;462.00;car101;0;4995.30;1.02;0.00;109.31;car;;0;0.00
2807.00;end_private_0;1000.00;12.99;2347.00;307.00;start_private_0;5.10;0.00;tripinfo_car102;460.00;car102;0;4995.30;1.01;0.00;103.78;car;;0;0.00
2809.00;end_private_0;1000.00;12.64;2350.00;310.00;start_private_0;5.10;0.00;tripinfo_car103;459.00;car103;0;4995.30;0.93;0.00;74.06;car;;0;0.00
2811.00;end_private_0;1000.00;15.79;2353.00;313.00;start_private_0;5.10;0.00;tripinfo_car104;458.00;car104;0;4995.30;1.18;0.00;153.72;car;;0;0.00
2813.00;end_private_0;1000.00;12.36;2356.00;316.00;start_private_0;5.10;0.00;tripinfo_car105;457.00;car105;0;4995.30;0.89;0.00;52.51;car;;0;0.00
2815.00;end_private_0;1000.00;14.91;2359.00;319.00;start_private_0;5.10;0.00;tripinfo_car106;456.00;car106;0;4995.30;1.16;0.00;145.49;car;;0;0.00
2816.00;end_private_0;1000.00;14.04;2362.00;322.00;start_private_0;5.10;0.00;tripinfo_car107;454.00;car107;0;4995.30;1.02;0.00;102.02;car;;0;0.00
2818.00;end_private_0;1000.00;13.36;2365.00;325.00;start_private_0;5.10;0.00;tripinfo_car108;453.00;car108;0;4995.30;0.96;0.00;79.93;car;;0;0.00
2820.00;end_private_0;1000.00;14.98;2368.00;328.00;start_private_0;5.10;0.00;tripinfo_car109;452.00;car109;0;4995.30;1.17;0.00;143.52;car;;0;0.00
2822.00;end_private_0;1000.00;15.30;2371.00;331.00;start_private_0;5.10;0.00;tripinfo_car110;451.00;car110;0;4995.30;1.11;0.00;124.90;car;;0;0.00
2825.00;end_private_0;1000.00;11.78;2374.00;334.00;start_private_0;5.10;0.00;tripinfo_car111;451.00;car111;0;4995.30;0.86;0.00;33.67;car;;0;0.00
2826.00;end_private_0;1000.00;12.03;2377.00;337.00;start_private_0;5.10;0.00;tripinfo_car112;449.00;car112;0;4995.30;1.00;0.00;89.02;car;;0;0.00
2828.00;end_private_0;1000.00;12.07;2380.00;340.00;start_private_0;5.10;0.00;tripinfo_car113;448.00;car113;0;4995.30;0.95;0.00;68.98;car;;0;0.00
2830.00;end_private_0;1000.00;12.66;2383.00;343.00;start_private_0;5.10;0.00;tripinfo_car114;447.00;car114;0;4995.30;0.98;0.00;79.60;car;;0;0.00
2832.00;end_private_0;1000.00;12.46;2386.00;346.00;start_private_0;5.10;0.00;tripinfo_car115;446.00;car115;0;4995.30;0.94;0.00;62.63;car;;0;0.00
2833.00;end_private_0;1000.00;13.54;2389.00;349.00;start_private_0;5.10;0.00;tripinfo_car116;444.00;car116;0;4995.30;1.11;0.00;118.70;car;;0;0.00
2859.00;end_private_0;1000.00;11.38;2392.00;352.00;start_private_0;5.10;0.00;tripinfo_car117;467.00;car117;0;4995.30;0.82;0.00;28.73;car;;0;0.00
2861.00;end_private_0;1000.00;14.03;2394.00;354.00;start_private_0;5.10;0.00;tripinfo_car118;467.00;car118;0;4995.30;1.13;0.00;148.87;car;;0;0.00
2862.00;end_private_0;1000.00;11.36;2398.00;358.00;start_private_0;5.10;0.00;tripinfo_car119;464.00;car119;0;4995.30;0.90;0.00;63.45;car;;0;0.00
2864.00;end_private_0;1000.00;13.98;2401.00;361.00;start_private_0;5.10;0.00;tripinfo_car120;463.00;car120;0;4995.30;1.02;0.00;108.32;car;;0;0.00
2876.00;end_private_0;1000.00;11.23;2404.00;364.00;start_private_0;5.10;0.00;tripinfo_car121;472.00;car121;0;4995.30;0.82;0.00;29.99;car;;0;0.00
2878.00;end_private_0;1000.00;12.69;2407.00;367.00;start_private_0;5.10;0.00;tripinfo_car122;471.00;car122;0;4995.30;0.97;0.00;99.69;car;;0;0.00
2879.00;end_private_0;1000.00;13.54;2410.00;370.00;start_private_0;5.10;0.00;tripinfo_car123;469.00;car123;0;4995.30;1.03;0.00;120.86;car;;0;0.00
2881.00;end_private_0;1000.00;12.84;2413.00;373.00;start_private_0;5.10;0.00;tripinfo_car124;468.00;car124;0;4995.30;0.98;0.00;99.04;car;;0;0.00
2883.00;end_private_0;1000.00;13.68;2416.00;376.00;start_private_0;5.10;0.00;tripinfo_car125;467.00;car125;0;4995.30;1.03;0.00;118.66;car;;0;0.00
2884.00;end_private_0;1000.00;13.10;2419.00;379.00;start_private_0;5.10;0.00;tripinfo_car126;465.00;car126;0;4995.30;0.96;0.00;90.39;car;;0;0.00
2886.00;end_private_0;1000.00;12.94;2422.00;382.00;start_private_0;5.10;0.00;tripinfo_car127;464.00;car127;0;4995.30;0.95;0.00;85.56;car;;0;0.00
2888.00;end_private_0;1000.00;13.99;2425.00;385.00;start_private_0;5.10;0.00;tripinfo_car128;463.00;car128;0;4995.30;1.08;0.00;130.63;car;;0;0.00
2891.00;end_private_0;1000.00;10.90;2428.00;388.00;start_private_0;5.10;0.00;tripinfo_car129;463.00;car129;0;4995.30;0.86;0.00;44.01;car;;0;0.00
2892.00;end_private_0;1000.00;12.81;2431.00;391.00;start_private_0;5.10;0.00;tripinfo_car130;461.00;car130;0;4995.30;1.19;0.00;157.98;car;;0;0.00
2894.00;end_private_0;1000.00;12.79;2434.00;394.00;start_private_0;5.10;0.00;tripinfo_car131;460.00;car131;0;4995.30;0.95;0.00;80.77;car;;0;0.00
2896.00;end_private_0;1000.00;14.95;2436.00;396.00;start_private_0;5.10;0.00;tripinfo_car132;460.00;car132;0;4995.30;1.20;0.00;160.22;car;;0;0.00
2898.00;end_private_0;1000.00;11.35;2440.00;400.00;start_private_0;5.10;0.00;tripinfo_car133;458.00;car133;0;4995.30;0.90;0.00;59.77;car;;0;0.00
2899.00;end_private_0;1000.00;12.95;2443.00;403.00;start_private_0;5.10;0.00;tripinfo_car134;456.00;car134;0;4995.30;0.99;0.00;93.98;car;;0;0.00
2901.00;end_private_0;1000.00;15.39;2446.00;406.00;start_private_0;5.10;0.00;tripinfo_car135;455.00;car135;0;4995.30;1.12;0.00;132.84;car;;0;0.00
2903.00;end_private_0;1000.00;15.11;2449.00;409.00;start_private_0;5.10;0.00;tripinfo_car136;454.00;car136;0;4995.30;1.11;0.00;130.60;car;;0;0.00
2905.00;end_private_0;1000.00;12.73;2452.00;412.00;start_private_0;5.10;0.00;tripinfo_car137;453.00;car137;0;4995.30;1.00;0.00;90.95;car;;0;0.00
2906.00;end_private_0;1000.00;14.84;2455.00;415.00;start_private_0;5.10;0.00;tripinfo_car138;451.00;car138;0;4995.30;1.14;0.00;135.24;car;;0;0.00
2908.00;end_private_0;1000.00;12.91;2458.00;418.00;start_private_0;5.10;0.00;tripinfo_car139;450.00;car139;0;4995.30;1.02;0.00;95.50;car;;0;0.00
2910.00;end_private_0;1000.00;14.19;2461.00;421.00;start_private_0;5.10;0.00;tripinfo_car140;449.00;car140;0;4995.30;1.11;0.00;125.45;car;;0;0.00
2912.00;end_private_0;1000.00;11.87;2464.00;424.00;start_private_0;5.10;0.00;tripinfo_car141;448.00;car141;0;4995.30;0.94;0.00;62.78;car;;0;0.00
2914.00;end_private_0;1000.00;13.03;2467.00;427.00;start_private_0;5.10;0.00;tripinfo_car142;447.00;car142;0;4995.30;1.01;0.00;91.15;car;;0;0.00
2916.00;end_private_0;1000.00;11.94;2470.00;430.00;start_private_0;5.10;0.00;tripinfo_car143;446.00;car143;0;4995.30;0.91;0.00;47.90;car;;0;0.00
2917.00;end_private_0;1000.00;11.71;2473.00;433.00;start_private_0;5.10;0.00;tripinfo_car144;444.00;car144;0;4995.30;0.93;0.00;57.30;car;;0;0.00
2949.00;end_private_0;1000.00;10.09;2476.00;436.00;start_private_0;5.10;0.00;tripinfo_car145;473.00;car145;0;4995.30;0.81;0.00;28.85;car;;0;0.00
2950.00;end_private_0;1000.00;13.17;2479.00;439.00;start_private_0;5.10;0.00;tripinfo_car146;471.00;car146;0;4995.30;1.10;0.00;142.49;car;;0;0.00
2952.00;end_private_0;1000.00;14.86;2482.00;442.00;start_private_0;5.10;0.00;tripinfo_car147;470.00;car147;0;4995.30;1.08;0.00;136.31;car;;0;0.00
2954.00;end_private_0;1000.00;12.67;2485.00;445.00;start_private_0;5.10;0.00;tripinfo_car148;469.00;car148;0;4995.30;0.92;0.00;78.75;car;;0;0.00
2956.00;end_private_0;1000.00;11.54;2488.00;448.00;start_private_0;5.10;0.00;tripinfo_car149;468.00;car149;0;4995.30;0.84;0.00;41.14;car;;0;0.00
2958.00;end_private_0;1000.00;11.42;2491.00;451.00;start_private_0;5.10;0.00;tripinfo_car150;467.00;car150;0;4995.30;0.85;0.00;44.28;car;;0;0.00
2960.00;end_private_0;1000.00;13.30;2494.00;454.00;start_private_0;5.10;0.00;tripinfo_car151;466.00;car151;0;4995.30;0.96;0.00;90.98;car;;0;0.00
2962.00;end_private_0;1000.00;10.72;2497.00;457.00;start_private_0;5.10;0.00;tripinfo_car152;465.00;car152;0;4995.30;0.85;0.00;41.29;car;;0;0.00
2964.00;end_private_0;1000.00;14.26;2500.00;460.00;start_private_0;5.10;0.00;tripinfo_car153;464.00;car153;0;4995.30;1.14;0.00;147.52;car;;0;0.00
2965.00;end_private_0;1000.00;14.89;2503.00;463.00;start_private_0;5.10;0.00;tripinfo_car154;462.00;car154;0;4995.30;1.10;0.00;135.41;car;;0;0.00
2967.00;end_private_0;1000.00;13.38;2506.00;466.00;start_private_0;5.10;0.00;tripinfo_car155;461.00;car155;0;4995.30;1.06;0.00;120.09;car;;0;0.00
2969.00;end_private_0;1000.00;12.80;2509.00;469.00;start_private_0;5.10;0.00;tripinfo_car156;460.00;car156;0;4995.30;0.99;0.00;97.44;car;;0;0.00
2971.00;end_private_0;1000.00;12.28;2512.00;472.00;start_private_0;5.10;0.00;tripinfo_car157;459.00;car157;0;4995.30;0.90;0.00;57.15;car;;0;0.00
2972.00;end_private_0;1000.00;13.35;2515.00;475.00;start_private_0;5.10;0.00;tripinfo_car158;457.00;car158;0;4995.30;1.19;0.00;155.41;car;;0;0.00
2974.00;end_private_0;1000.00;12.41;2518.00;478.00;start_private_0;5.10;0.00;tripinfo_car159;456.00;car159;0;4995.30;0.93;0.00;67.21;car;;0;0.00
2976.00;end_private_0;1000.00;13.99;2521.00;481.00;start_private_0;5.10;0.00;tripinfo_car160;455.00;car160;0;4995.30;1.07;0.00;118.79;car;;0;0.00
2978.00;end_private_0;1000.00;14.91;2524.00;484.00;start_private_0;5.10;0.00;tripinfo_car161;454.00;car161;0;4995.30;1.11;0.00;128.93;car;;0;0.00
2979.00;end_private_0;1000.00;13.59;2527.00;487.00;start_private_0;5.10;0.00;tripinfo_car162;452.00;car162;0;4995.30;1.00;0.00;90.75;car;;0;0.00
2981.00;end_private_0;1000.00;14.23;2530.00;490.00;start_private_0;5.10;0.00;tripinfo_car163;451.00;car163;0;4995.30;1.12;0.00;128.90;car;;0;0.00
2983.00;end_private_0;1000.00;15.46;2533.00;493.00;start_private_0;5.10;0.00;tripinfo_car164;450.00;car164;0;4995.30;1.19;0.00;146.05;car;;0;0.00
2984.00;end_private_0;1000.00;15.49;2536.00;496.00;start_private_0;5.10;0.00;tripinfo_car165;448.00;car165;0;4995.30;1.14;0.00;132.10;car;;0;0.00
2987.00;end_private_0;1000.00;12.65;2539.00;499.00;start_private_0;5.10;0.00;tripinfo_car166;448.00;car166;0;4995.30;0.98;0.00;81.12;car;;0;0.00
2988.00;end_private_0;1000.00;14.04;2542.00;502.00;start_private_0;5.10;0.00;tripinfo_car167;446.00;car167;0;4995.30;1.12;0.00;124.36;car;;0;0.00
2990.00;end_private_0;1000.00;16.76;2545.00;505.00;start_private_0;5.10;0.00;tripinfo_car168;445.00;car168;0;4995.30;1.26;0.00;158.71;car;;0;0.00
2992.00;end_private_0;1000.00;13.87;2548.00;508.00;start_private_0;5.10;0.00;tripinfo_car169;444.00;car169;0;4995.30;1.07;0.00;105.51;car;;0;0.00
2994.00;end_private_0;1000.00;13.47;2551.00;511.00;start_private_0;5.10;0.00;tripinfo_car170;443.00;car170;0;4995.30;0.98;0.00;74.03;car;;0;0.00
2995.00;end_private_0;1000.00;13.80;2554.00;514.00;start_private_0;5.10;0.00;tripinfo_car171;441.00;car171;0;4995.30;1.03;0.00;92.35;car;;0;0.00
2997.00;end_private_0;1000.00;13.83;2557.00;517.00;start_private_0;5.10;0.00;tripinfo_car172;440.00;car172;0;4995.30;1.02;0.00;86.30;car;;0;0.00
2999.00;end_private_0;1000.00;14.93;2560.00;520.00;start_private_0;5.10;0.00;tripinfo_car173;439.00;car173;0;4995.30;1.09;0.00;108.12;car;;0;0.00
3000.00;end_private_0;1000.00;14.34;2563.00;523.00;start_private_0;5.10;0.00;tripinfo_car174;437.00;car174;0;4995.30;1.10;0.00;109.93;car;;0;0.00
3003.00;end_private_0;1000.00;12.95;2566.00;526.00;start_private_0;5.10;0.00;tripinfo_car175;437.00;car175;0;4995.30;0.95;0.00;58.83;car;;0;0.00
3004.00;end_private_0;1000.00;12.17;2569.00;529.00;start_private_0;5.10;0.00;tripinfo_car176;435.00;car176;0;4995.30;0.96;0.00;60.00;car;;0;0.00
3016.00;end_private_0;1000.00;10.91;2572.00;532.00;start_private_0;5.10;0.00;tripinfo_car177;444.00;car177;0;4995.30;0.86;0.00;25.64;car;;0;0.00
3018.00;end_private_0;1000.00;13.08;2575.00;535.00;start_private_0;5.10;0.00;tripinfo_car178;443.00;car178;0;4995.30;1.01;0.00;87.96;car;;0;0.00
3020.00;end_private_0;1000.00;13.14;2578.00;538.00;start_private_0;5.10;0.00;tripinfo_car179;442.00;car179;0;4995.30;0.99;0.00;79.01;car;;0;0.00
3021.00;end_private_0;1000.00;14.86;2581.00;541.00;start_private_0;5.10;0.00;tripinfo_car180;440.00;car180;0;4995.30;1.10;0.00;114.03;car;;0;0.00
3023.00;end_private_0;1000.00;13.37;2584.00;544.00;start_private_0;5.10;0.00;tripinfo_car181;439.00;car181;0;4995.30;0.98;0.00;70.79;car;;0;0.00
3025.00;end_private_0;1000.00;13.10;2587.00;547.00;start_private_0;5.10;0.00;tripinfo_car182;438.00;car182;0;4995.30;0.97;0.00;66.05;car;;0;0.00
3068.00;end_private_0;1000.00;10.97;2590.00;550.00;start_private_0;5.10;0.00;tripinfo_car183;478.00;car183;0;4995.30;0.80;0.00;29.98;car;;0;0.00
3070.00;end_private_0;1000.00;13.74;2593.00;553.00;start_private_0;5.10;0.00;tripinfo_car184;477.00;car184;0;4995.30;1.00;0.00;117.08;car;;0;0.00
3071.00;end_private_0;1000.00;14.42;2596.00;556.00;start_private_0;5.10;0.00;tripinfo_car185;475.00;car185;0;4995.30;1.07;0.00;138.95;car;;0;0.00
3073.00;end_private_0;1000.00;14.37;2599.00;559.00;start_private_0;5.10;0.00;tripinfo_car186;474.00;car186;0;4995.30;1.13;0.00;154.34;car;;0;0.00
3075.00;end_private_0;1000.00;15.06;2602.00;562.00;start_private_0;5.10;0.00;tripinfo_car187;473.00;car187;0;4995.30;1.11;0.00;147.91;car;;0;0.00
3077.00;end_private_0;1000.00;12.58;2605.00;565.00;start_private_0;5.10;0.00;tripinfo_car188;472.00;car188;0;4995.30;0.92;0.00;82.53;car;;0;0.00
3079.00;end_private_0;1000.00;13.71;2608.00;568.00;start_private_0;5.10;0.00;tripinfo_car189;471.00;car189;0;4995.30;1.03;0.00;122.42;car;;0;0.00
3081.00;end_private_0;1000.00;12.25;2611.00;571.00;start_private_0;5.10;0.00;tripinfo_car190;470.00;car190;0;4995.30;0.94;0.00;87.32;car;;0;0.00
3082.00;end_private_0;1000.00;13.88;2614.00;574.00;start_private_0;5.10;0.00;tripinfo_car191;468.00;car191;0;4995.30;1.05;0.00;126.51;car;;0;0.00
3084.00;end_private_0;1000.00;12.85;2617.00;577.00;start_private_0;5.10;0.00;tripinfo_car192;467.00;car192;0;4995.30;0.97;0.00;94.99;car;;0;0.00
3086.00;end_private_0;1000.00;13.51;2621.00;581.00;start_private_0;5.10;0.00;tripinfo_car193;465.00;car193;0;4995.30;1.01;0.00;107.58;car;;0;0.00
3087.00;end_private_0;1000.00;13.21;2624.00;584.00;start_private_0;5.10;0.00;tripinfo_car194;463.00;car194;0;4995.30;1.01;0.00;105.52;car;;0;0.00
3090.00;end_private_0;1000.00;11.29;2627.00;587.00;start_private_0;5.10;0.00;tripinfo_car195;463.00;car195;0;4995.30;0.88;0.00;53.66;car;;0;0.00
3092.00;end_private_0;1000.00;14.29;2630.00;590.00;start_private_0;5.10;0.00;tripinfo_car196;462.00;car196;0;4995.30;1.05;0.00;119.75;car;;0;0.00
3093.00;end_private_0;1000.00;14.17;2633.00;593.00;start_private_0;5.10;0.00;tripinfo_car197;460.00;car197;0;4995.30;1.05;0.00;116.46;car;;0;0.00
3095.00;end_private_0;1000.00;12.44;2636.00;596.00;start_private_0;5.10;0.00;tripinfo_car198;459.00;car198;0;4995.30;0.97;0.00;86.30;car;;0;0.00
3097.00;end_private_0;1000.00;16.08;2639.00;599.00;start_private_0;5.10;0.00;tripinfo_car199;458.00;car199;0;4995.30;1.23;0.00;164.57;car;;0;0.00
4417.00;end_private_0;1000.00;14.63;4080.00;0.00;start_private_0;5.10;0.00;tripinfo_car0;337.00;car0;0;4995.30;1.12;0.00;16.80;car;;0;0.00
4466.00;end_public_0;1000.00;13.10;4080.00;0.00;start_public_0;20.10;0.00;tripinfo_bus0;386.00;bus0;0;4980.30;0.98;0.00;21.41;bus;;0;0.00
4469.00;end_public_0;1000.00;13.91;4085.00;5.00;start_public_0;20.10;0.00;tripinfo_bus1;384.00;bus1;0;4980.30;1.06;0.00;45.96;bus;;0;0.00
4497.00;end_private_0;1000.00;12.35;4083.00;3.00;start_private_0;5.10;0.00;tripinfo_car1;414.00;car1;0;4995.30;0.92;0.00;23.40;car;;0;0.00
4499.00;end_private_0;1000.00;13.04;4086.00;6.00;start_private_0;5.10;0.00;tripinfo_car2;413.00;car2;0;4995.30;1.01;0.00;54.97;car;;0;0.00
4501.00;end_private_0;1000.00;15.99;4089.00;9.00;start_private_0;5.10;0.00;tripinfo_car3;412.00;car3;0;4995.30;1.16;0.00;100.74;car;;0;0.00
4502.00;end_private_0;1000.00;16.16;4092.00;12.00;start_private_0;5.10;0.00;tripinfo_car4;410.00;car4;0;4995.30;1.21;0.00;112.72;car;;0;0.00
4504.00;end_private_0;1000.00;13.50;4095.00;15.00;start_private_0;5.10;0.00;tripinfo_car5;409.00;car5;0;4995.30;1.06;0.00;68.04;car;;0;0.00
4506.00;end_private_0;1000.00;13.30;4098.00;18.00;start_private_0;5.10;0.00;tripinfo_car6;408.00;car6;0;4995.30;0.99;0.00;42.58;car;;0;0.00
4508.00;end_private_0;1000.00;13.70;4101.00;21.00;start_private_0;5.10;0.00;tripinfo_car7;407.00;car7;0;4995.30;1.00;0.00;45.96;car;;0;0.00
4510.00;end_private_0;1000.00;14.52;4104.00;24.00;start_private_0;5.10;0.00;tripinfo_car8;406.00;car8;0;4995.30;1.06;0.00;65.02;car;;0;0.00
4523.00;end_public_0;1000.00;12.22;4090.00;10.00;start_public_0;20.10;0.00;tripinfo_bus2;433.00;bus2;0;4980.30;0.88;0.00;26.10;bus;;0;0.00
4526.00;end_public_0;1000.00;16.21;4095.00;15.00;start_public_0;20.10;0.00;tripinfo_bus3;431.00;bus3;0;4980.30;1.19;0.00;128.19;bus;;0;0.00
4529.00;end_public_0;1000.00;14.35;4100.00;20.00;start_public_0;20.10;0.00;tripinfo_bus4;429.00;bus4;0;4980.30;1.05;0.00;86.36;bus;;0;0.00
4532.00;end_public_0;1000.00;12.98;4105.00;25.00;start_public_0;20.10;0.00;tripinfo_bus5;427.00;bus5;0;4980.30;1.00;0.00;67.57;bus;;0;0.00
4535.00;end_public_0;1000.00;14.40;4109.00;29.00;start_public_0;20.10;0.00;tripinfo_bus6;426.00;bus6;0;4980.30;1.06;0.00;86.21;bus;;0;0.00
4537.00;end_public_0;1000.00;14.82;4114.00;34.00;start_public_0;20.10;0.00;tripinfo_bus7;423.00;bus7;0;4980.30;1.07;0.00;88.81;bus;;0;0.00
4541.00;end_public_0;1000.00;12.49;4119.00;39.00;start_public_0;20.10;0.00;tripinfo_bus8;422.00;bus8;0;4980.30;0.94;0.00;40.58;bus;;0;0.00
4544.00;end_public_0;1000.00;13.34;4124.00;44.00;start_public_0;20.10;0.00;tripinfo_bus9;420.00;bus9;0;4980.30;1.00;0.00;62.66;bus;;0;0.00
4545.00;end_private_0;1000.00;11.58;4107.00;27.00;start_private_0;5.10;0.00;tripinfo_car9;438.00;car9;0;4995.30;0.87;0.00;25.51;car;;0;0.00
4547.00;end_private_0;1000.00;13.40;4110.00;30.00;start_private_0;5.10;0.00;tripinfo_car10;437.00;car10;0;4995.30;1.04;0.00;90.68;car;;0;0.00
4547.00;end_public_0;1000.00;14.65;4129.00;49.00;start_public_0;20.10;0.00;tripinfo_bus10;418.00;bus10;0;4980.30;1.07;0.00;83.53;bus;;0;0.00
4549.00;end_private_0;1000.00;12.54;4113.00;33.00;start_private_0;5.10;0.00;tripinfo_car11;436.00;car11;0;4995.30;0.94;0.00;52.97;car;;0;0.00
4549.00;end_public_0;1000.00;15.80;4134.00;54.00;start_public_0;20.10;0.00;tripinfo_bus11;415.00;bus11;0;4980.30;1.14;0.00;100.68;bus;;0;0.00
4550.00;end_private_0;1000.00;14.02;4116.00;36.00;start_private_0;5.10;0.00;tripinfo_car12;434.00;car12;0;4995.30;1.04;0.00;87.19;car;;0;0.00
4552.00;end_private_0;1000.00;13.68;4119.00;39.00;start_private_0;5.10;0.00;tripinfo_car13;433.00;car13;0;4995.30;1.02;0.00;81.67;car;;0;0.00
4554.00;end_private_0;1000.00;14.23;4122.00;42.00;start_private_0;5.10;0.00;tripinfo_car14;432.00;car14;0;4995.30;1.04;0.00;85.55;car;;0;0.00
4556.00;end_private_0;1000.00;12.58;4125.00;45.00;start_private_0;5.10;0.00;tripinfo_car15;431.00;car15;0;4995.30;0.96;0.00;53.79;car;;0;0.00
4557.00;end_private_0;1000.00;13.51;4128.00;48.00;start_private_0;5.10;0.00;tripinfo_car16;429.00;car16;0;4995.30;0.98;0.00;63.50;car;;0;0.00
4559.00;end_private_0;1000.00;13.73;4131.00;51.00;start_private_0;5.10;0.00;tripinfo_car17;428.00;car17;0;4995.30;0.99;0.00;64.83;car;;0;0.00
4569.00;end_private_0;1000.00;12.00;4134.00;54.00;start_private_0;5.10;0.00;tripinfo_car18;435.00;car18;0;4995.30;0.88;0.00;26.05;car;;0;0.00
4570.00;end_public_0;1000.00;11.02;4139.00;59.00;start_public_0;20.10;0.00;tripinfo_bus12;431.00;bus12;0;4980.30;0.88;0.00;25.40;bus;;0;0.00
4571.00;end_private_0;1000.00;12.18;4137.00;57.00;start_private_0;5.10;0.00;tripinfo_car19;434.00;car19;0;4995.30;0.94;0.00;50.60;car;;0;0.00
4572.00;end_private_0;1000.00;13.92;4140.00;60.00;start_private_0;5.10;0.00;tripinfo_car20;432.00;car20;0;4995.30;1.03;0.00;82.08;car;;0;0.00
4573.00;end_public_0;1000.00;12.97;4144.00;64.00;start_public_0;20.10;0.00;tripinfo_bus13;429.00;bus13;0;4980.30;1.02;0.00;76.42;bus;;0;0.00
4574.00;end_private_0;1000.00;13.23;4143.00;63.00;start_private_0;5.10;0.00;tripinfo_car21;431.00;car21;0;4995.30;1.04;0.00;85.93;car;;0;0.00
4575.00;end_private_0;1000.00;14.94;4146.00;66.00;start_private_0;5.10;0.00;tripinfo_car22;429.00;car22;0;4995.30;1.08;0.00;96.02;car;;0;0.00
4577.00;end_private_0;1000.00;13.29;4149.00;69.00;start_private_0;5.10;0.00;tripinfo_car23;428.00;car23;0;4995.30;0.99;0.00;65.74;car;;0;0.00
4579.00;end_private_0;1000.00;12.72;4152.00;72.00;start_private_0;5.10;0.00;tripinfo_car24;427.00;car24;0;4995.30;0.98;0.00;60.48;car;;0;0.00
4579.00;end_public_0;1000.00;12.32;4149.00;69.00;start_public_0;20.10;0.00;tripinfo_bus14;430.00;bus14;0;4980.30;0.89;0.00;25.14;bus;;0;0.00
4581.00;end_private_0;1000.00;14.30;4155.00;75.00;start_private_0;5.10;0.00;tripinfo_car25;426.00;car25;0;4995.30;1.08;0.00;93.39;car;;0;0.00
4581.00;end_public_0;1000.00;15.19;4154.00;74.00;start_public_0;20.10;0.00;tripinfo_bus15;427.00;bus15;0;4980.30;1.18;0.00;122.64;bus;;0;0.00
4582.00;end_private_0;1000.00;16.91;4158.00;78.00;start_private_0;5.10;0.00;tripinfo_car26;424.00;car26;0;4995.30;1.24;0.00;134.03;car;;0;0.00
4584.00;end_private_0;1000.00;13.93;4161.00;81.00;start_private_0;5.10;0.00;tripinfo_car27;423.00;car27;0;4995.30;1.06;0.00;83.71;car;;0;0.00
4584.00;end_public_0;1000.00;14.40;4159.00;79.00;start_public_0;20.10;0.00;tripinfo_bus16;425.00;bus16;0;4980.30;1.13;0.00;106.28;bus;;0;0.00
4586.00;end_private_0;1000.00;15.10;4164.00;84.00;start_private_0;5.10;0.00;tripinfo_car28;422.00;car28;0;4995.30;1.09;0.00;90.62;car;;0;0.00
4587.00;end_public_0;1000.00;13.11;4164.00;84.00;start_public_0;20.10;0.00;tripinfo_bus17;423.00;bus17;0;4980.30;1.02;0.00;72.39;bus;;0;0.00
4588.00;end_private_0;1000.00;12.04;4167.00;87.00;start_private_0;5.10;0.00;tripinfo_car29;421.00;car29;0;4995.30;0.94;0.00;39.98;car;;0;0.00
4590.00;end_private_0;1000.00;13.91;4170.00;90.00;start_private_0;5.10;0.00;tripinfo_car30;420.00;car30;0;4995.30;1.08;0.00;87.42;car;;0;0.00
4590.00;end_public_0;1000.00;13.70;4169.00;89.00;start_public_0;20.10;0.00;tripinfo_bus18;421.00;bus18;0;4980.30;0.99;0.00;59.77;bus;;0;0.00
4592.00;end_private_0;1000.00;14.10;4173.00;93.00;start_private_0;5.10;0.00;tripinfo_car31;419.00;car31;0;4995.30;1.04;0.00;73.80;car;;0;0.00
4593.00;end_private_0;1000.00;15.16;4176.00;96.00;start_private_0;5.10;0.00;tripinfo_car32;417.00;car32;0;4995.30;1.16;0.00;107.53;car;;0;0.00
4593.00;end_public_0;1000.00;13.06;4174.00;94.00;start_public_0;20.10;0.00;tripinfo_bus19;419.00;bus19;0;4980.30;0.99;0.00;56.05;bus;;0;0.00
4595.00;end_private_0;1000.00;15.65;4179.00;99.00;start_private_0;5.10;0.00;tripinfo_car33;416.00;car33;0;4995.30;1.13;0.00;97.62;car;;0;0.00
4596.00;end_public_0;1000.00;13.82;4179.00;99.00;start_public_0;20.10;0.00;tripinfo_bus20;417.00;bus20;0;4980.30;1.02;0.00;64.84;bus;;0;0.00
4597.00;end_private_0;1000.00;15.22;4182.00;102.00;start_private_0;5.10;0.00;tripinfo_car34;415.00;car34;0;4995.30;1.18;0.00;109.07;car;;0;0.00
4599.00;end_public_0;1000.00;15.21;4184.00;104.00;start_public_0;20.10;0.00;tripinfo_bus21;415.00;bus21;0;4980.30;1.13;0.00;97.11;bus;;0;0.00
4602.00;end_public_0;1000.00;13.40;4189.00;109.00;start_public_0;20.10;0.00;tripinfo_bus22;413.00;bus22;0;4980.30;0.97;0.00;42.49;bus;;0;0.00
4605.00;end_public_0;1000.00;13.34;4194.00;114.00;start_public_0;20.10;0.00;tripinfo_bus23;411.00;bus23;0;4980.30;0.97;0.00;39.62;bus;;0;0.00
4613.00;end_public_0;1000.00;12.43;4199.00;119.00;start_public_0;20.10;0.00;tripinfo_bus24;414.00;bus24;0;4980.30;0.92;0.00;21.95;bus;;0;0.00
4616.00;end_public_0;1000.00;15.01;4204.00;124.00;start_public_0;20.10;0.00;tripinfo_bus25;412.00;bus25;0;4980.30;1.10;0.00;84.66;bus;;0;0.00
4632.00;end_private_0;1000.00;11.37;4185.00;105.00;start_private_0;5.10;0.00;tripinfo_car35;447.00;car35;0;4995.30;0.85;0.00;25.78;car;;0;0.00
4634.00;end_private_0;1000.00;15.20;4188.00;108.00;start_private_0;5.10;0.00;tripinfo_car36;446.00;car36;0;4995.30;1.11;0.00;120.02;car;;0;0.00
4636.00;end_private_0;1000.00;11.98;4191.00;111.00;start_private_0;5.10;0.00;tripinfo_car37;445.00;car37;0;4995.30;0.93;0.00;56.34;car;;0;0.00
4637.00;end_private_0;1000.00;15.17;4194.00;114.00;start_private_0;5.10;0.00;tripinfo_car38;443.00;car38;0;4995.30;1.17;0.00;135.24;car;;0;0.00
4637.00;end_public_0;1000.00;11.34;4209.00;129.00;start_public_0;20.10;0.00;tripinfo_bus26;428.00;bus26;0;4980.30;0.89;0.00;24.74;bus;;0;0.00
4639.00;end_private_0;1000.00;17.13;4197.00;117.00;start_private_0;5.10;0.00;tripinfo_car39;442.00;car39;0;4995.30;1.24;0.00;150.45;car;;0;0.00
4639.00;end_public_0;1000.00;15.28;4214.00;134.00;start_public_0;20.10;0.00;tripinfo_bus27;425.00;bus27;0;4980.30;1.11;0.00;101.97;bus;;0;0.00
4641.00;end_private_0;1000.00;13.92;4200.00;120.00;start_private_0;5.10;0.00;tripinfo_car40;441.00;car40;0;4995.30;1.07;0.00;102.57;car;;0;0.00
4643.00;end_private_0;1000.00;12.12;4203.00;123.00;start_private_0;5.10;0.00;tripinfo_car41;440.00;car41;0;4995.30;0.92;0.00;47.39;car;;0;0.00
4645.00;end_private_0;1000.00;12.71;4206.00;126.00;start_private_0;5.10;0.00;tripinfo_car42;439.00;car42;0;4995.30;0.93;0.00;50.22;car;;0;0.00
4646.00;end_private_0;1000.00;12.81;4209.00;129.00;start_private_0;5.10;0.00;tripinfo_car43;437.00;car43;0;4995.30;0.96;0.00;60.47;car;;0;0.00
4648.00;end_private_0;1000.00;14.60;4212.00;132.00;start_private_0;5.10;0.00;tripinfo_car44;436.00;car44;0;4995.30;1.11;0.00;111.59;car;;0;0.00
4650.00;end_private_0;1000.00;13.31;4215.00;135.00;start_private_0;5.10;0.00;tripinfo_car45;435.00;car45;0;4995.30;1.02;0.00;80.18;car;;0;0.00
4651.00;end_private_0;1000.00;14.02;4218.00;138.00;start_private_0;5.10;0.00;tripinfo_car46;433.00;car46;0;4995.30;1.01;0.00;77.18;car;;0;0.00
4705.00;end_public_0;1000.00;10.55;4219.00;139.00;start_public_0;20.10;0.00;tripinfo_bus28;486.00;bus28;0;4980.30;0.79;0.00;29.87;bus;;0;0.00
4708.00;end_public_0;1000.00;15.48;4224.00;144.00;start_public_0;20.10;0.00;tripinfo_bus29;484.00;bus29;0;4980.30;1.22;0.00;188.01;bus;;0;0.00
4781.00;end_private_0;1000.00;8.65;4221.00;141.00;start_private_0;5.10;0.00;tripinfo_car47;560.00;car47;0;4995.30;0.69;0.00;38.96;car;;0;0.00
4783.00;end_private_0;1000.00;12.91;4224.00;144.00;start_private_0;5.10;0.00;tripinfo_car48;559.00;car48;0;4995.30;1.05;0.00;214.81;car;;0;0.00
4785.00;end_private_0;1000.00;13.78;4227.00;147.00;start_private_0;5.10;0.00;tripinfo_car49;558.00;car49;0;4995.30;1.12;0.00;237.41;car;;0;0.00
4786.00;end_private_0;1000.00;13.64;4230.00;150.00;start_private_0;5.10;0.00;tripinfo_car50;556.00;car50;0;4995.30;1.01;0.00;198.27;car;;0;0.00
4788.00;end_private_0;1000.00;13.16;4233.00;153.00;start_private_0;5.10;0.00;tripinfo_car51;555.00;car51;0;4995.30;1.01;0.00;197.70;car;;0;0.00
4790.00;end_private_0;1000.00;14.68;4236.00;156.00;start_private_0;5.10;0.00;tripinfo_car52;554.00;car52;0;4995.30;1.09;0.00;224.36;car;;0;0.00
4791.00;end_private_0;1000.00;13.93;4239.00;159.00;start_private_0;5.10;0.00;tripinfo_car53;552.00;car53;0;4995.30;1.07;0.00;217.07;car;;0;0.00
4793.00;end_private_0;1000.00;13.97;4242.00;162.00;start_private_0;5.10;0.00;tripinfo_car54;551.00;car54;0;4995.30;1.08;0.00;217.43;car;;0;0.00
4795.00;end_private_0;1000.00;11.66;4245.00;165.00;start_private_0;5.10;0.00;tripinfo_car55;550.00;car55;0;4995.30;0.91;0.00;156.19;car;;0;0.00
4797.00;end_private_0;1000.00;12.39;4248.00;168.00;start_private_0;5.10;0.00;tripinfo_car56;549.00;car56;0;4995.30;0.91;0.00;155.25;car;;0;0.00
4799.00;end_private_0;1000.00;11.47;4251.00;171.00;start_private_0;5.10;0.00;tripinfo_car57;548.00;car57;0;4995.30;0.92;0.00;155.68;car;;0;0.00
4801.00;end_private_0;1000.00;13.72;4254.00;174.00;start_private_0;5.10;0.00;tripinfo_car58;547.00;car58;0;4995.30;1.03;0.00;197.19;car;;0;0.00
4802.00;end_private_0;1000.00;14.38;4257.00;177.00;start_private_0;5.10;0.00;tripinfo_car59;545.00;car59;0;4995.30;1.05;0.00;203.31;car;;0;0.00
4804.00;end_private_0;1000.00;14.25;4260.00;180.00;start_private_0;5.10;0.00;tripinfo_car60;544.00;car60;0;4995.30;1.03;0.00;194.57;car;;0;0.00
4806.00;end_private_0;1000.00;15.41;4263.00;183.00;start_private_0;5.10;0.00;tripinfo_car61;543.00;car61;0;4995.30;1.11;0.00;218.58;car;;0;0.00
4809.00;end_private_0;1000.00;11.71;4266.00;186.00;start_private_0;5.10;0.00;tripinfo_car62;543.00;car62;0;4995.30;0.86;0.00;126.22;car;;0;0.00
4810.00;end_private_0;1000.00;12.60;4269.00;189.00;start_private_0;5.10;0.00;tripinfo_car63;541.00;car63;0;4995.30;0.98;0.00;172.24;car;;0;0.00
4812.00;end_private_0;1000.00;13.48;4272.00;192.00;start_private_0;5.10;0.00;tripinfo_car64;540.00;car64;0;4995.30;0.97;0.00;169.11;car;;0;0.00
4814.00;end_private_0;1000.00;14.01;4275.00;195.00;start_private_0;5.10;0.00;tripinfo_car65;539.00;car65;0;4995.30;1.02;0.00;185.74;car;;0;0.00
4815.00;end_private_0;1000.00;13.43;4278.00;198.00;start_private_0;5.10;0.00;tripinfo_car66;537.00;car66;0;4995.30;0.99;0.00;175.28;car;;0;0.00
4817.00;end_private_0;1000.00;13.12;4281.00;201.00;start_private_0;5.10;0.00;tripinfo_car67;536.00;car67;0;4995.30;1.01;0.00;180.72;car;;0;0.00
4819.00;end_private_0;1000.00;13.75;4284.00;204.00;start_private_0;5.10;0.00;tripinfo_car68;535.00;car68;0;4995.30;1.02;0.00;180.58;car;;0;0.00
4821.00;end_private_0;1000.00;12.46;4287.00;207.00;start_private_0;5.10;0.00;tripinfo_car69;534.00;car69;0;4995.30;0.99;0.00;169.67;car;;0;0.00
4822.00;end_private_0;1000.00;15.30;4290.00;210.00;start_private_0;5.10;0.00;tripinfo_car70;532.00;car70;0;4995.30;1.21;0.00;234.41;car;;0;0.00
4824.00;end_private_0;1000.00;13.59;4293.00;213.00;start_private_0;5.10;0.00;tripinfo_car71;531.00;car71;0;4995.30;1.02;0.00;176.97;car;;0;0.00
4826.00;end_private_0;1000.00;12.18;4296.00;216.00;start_private_0;5.10;0.00;tripinfo_car72;530.00;car72;0;4995.30;0.97;0.00;157.71;car;;0;0.00
4828.00;end_private_0;1000.00;12.53;4299.00;219.00;start_private_0;5.10;0.00;tripinfo_car73;529.00;car73;0;4995.30;0.99;0.00;165.27;car;;0;0.00
4829.00;end_private_0;1000.00;13.11;4302.00;222.00;start_private_0;5.10;0.00;tripinfo_car74;527.00;car74;0;4995.30;1.04;0.00;179.54;car;;0;0.00
4833.00;end_private_0;1000.00;11.81;4305.00;225.00;start_private_0;5.10;0.00;tripinfo_car75;528.00;car75;0;4995.30;0.86;0.00;108.99;car;;0;0.00
4835.00;end_private_0;1000.00;12.89;4308.00;228.00;start_private_0;5.10;0.00;tripinfo_car76;527.00;car76;0;4995.30;0.95;0.00;146.01;car;;0;0.00
4837.00;end_private_0;1000.00;11.50;4311.00;231.00;start_private_0;5.10;0.00;tripinfo_car77;526.00;car77;0;4995.30;0.85;0.00;101.91;car;;0;0.00
4839.00;end_private_0;1000.00;11.91;4314.00;234.00;start_private_0;5.10;0.00;tripinfo_car78;525.00;car78;0;4995.30;0.93;0.00;138.25;car;;0;0.00
4840.00;end_private_0;1000.00;14.07;4317.00;237.00;start_private_0;5.10;0.00;tripinfo_car79;523.00;car79;0;4995.30;1.10;0.00;195.86;car;;0;0.00
4842.00;end_private_0;1000.00;16.07;4320.00;240.00;start_private_0;5.10;0.00;tripinfo_car80;522.00;car80;0;4995.30;1.17;0.00;213.91;car;;0;0.00
4843.00;end_private_0;1000.00;15.05;4323.00;243.00;start_private_0;5.10;0.00;tripinfo_car81;520.00;car81;0;4995.30;1.12;0.00;199.03;car;;0;0.00
4845.00;end_private_0;1000.00;13.72;4326.00;246.00;start_private_0;5.10;0.00;tripinfo_car82;519.00;car82;0;4995.30;1.02;0.00;164.68;car;;0;0.00
4847.00;end_private_0;1000.00;12.51;4329.00;249.00;start_private_0;5.10;0.00;tripinfo_car83;518.00;car83;0;4995.30;0.90;0.00;119.44;car;;0;0.00
4849.00;end_private_0;1000.00;13.99;4332.00;252.00;start_private_0;5.10;0.00;tripinfo_car84;517.00;car84;0;4995.30;1.01;0.00;161.01;car;;0;0.00
4851.00;end_private_0;1000.00;13.61;4335.00;255.00;start_private_0;5.10;0.00;tripinfo_car85;516.00;car85;0;4995.30;1.04;0.00;170.49;car;;0;0.00
4853.00;end_private_0;1000.00;12.99;4338.00;258.00;start_private_0;5.10;0.00;tripinfo_car86;515.00;car86;0;4995.30;0.98;0.00;147.21;car;;0;0.00
4854.00;end_private_0;1000.00;12.60;4341.00;261.00;start_private_0;5.10;0.00;tripinfo_car87;513.00;car87;0;4995.30;1.00;0.00;153.06;car;;0;0.00
4856.00;end_private_0;1000.00;15.90;4344.00;264.00;start_private_0;5.10;0.00;tripinfo_car88;512.00;car88;0;4995.30;1.17;0.00;203.23;car;;0;0.00
4858.00;end_private_0;1000.00;12.53;4347.00;267.00;start_private_0;5.10;0.00;tripinfo_car89;511.00;car89;0;4995.30;0.96;0.00;134.48;car;;0;0.00
4860.00;end_private_0;1000.00;12.79;4350.00;270.00;start_private_0;5.10;0.00;tripinfo_car90;510.00;car90;0;4995.30;0.97;0.00;137.57;car;;0;0.00
4862.00;end_private_0;1000.00;11.13;4353.00;273.00;start_private_0;5.10;0.00;tripinfo_car91;509.00;car91;0;4995.30;0.89;0.00;102.56;car;;0;0.00
4864.00;end_private_0;1000.00;13.33;4356.00;276.00;start_private_0;5.10;0.00;tripinfo_car92;508.00;car92;0;4995.30;1.02;0.00;155.68;car;;0;0.00
4867.00;end_private_0;1000.00;11.67;4359.00;279.00;start_private_0;5.10;0.00;tripinfo_car93;508.00;car93;0;4995.30;0.84;0.00;79.83;car;;0;0.00
4869.00;end_private_0;1000.00;11.30;4361.00;281.00;start_private_0;5.10;0.00;tripinfo_car94;508.00;car94;0;4995.30;0.90;0.00;107.68;car;;0;0.00
4871.00;end_private_0;1000.00;15.06;4365.00;285.00;start_private_0;5.10;0.00;tripinfo_car95;506.00;car95;0;4995.30;1.13;0.00;187.51;car;;0;0.00
4872.00;end_private_0;1000.00;12.82;4368.00;288.00;start_private_0;5.10;0.00;tripinfo_car96;504.00;car96;0;4995.30;1.00;0.00;145.36;car;;0;0.00
4874.00;end_private_0;1000.00;12.55;4371.00;291.00;start_private_0;5.10;0.00;tripinfo_car97;503.00;car97;0;4995.30;0.96;0.00;128.24;car;;0;0.00
4876.00;end_private_0;1000.00;13.50;4374.00;294.00;start_private_0;5.10;0.00;tripinfo_car98;502.00;car98;0;4995.30;0.99;0.00;136.51;car;;0;0.00
4878.00;end_private_0;1000.00;12.25;4377.00;297.00;start_private_0;5.10;0.00;tripinfo_car99;501.00;car99;0;4995.30;0.93;0.00;114.11;car;;0;0.00
4880.00;end_private_0;1000.00;15.70;4380.00;300.00;start_private_0;5.10;0.00;tripinfo_car100;500.00;car100;0;4995.30;1.13;0.00;181.49;car;;0;0.00
4882.00;end_private_0;1000.00;12.69;4383.00;303.00;start_private_0;5.10;0.00;tripinfo_car101;499.00;car101;0;4995.30;0.95;0.00;118.99;car;;0;0.00
4883.00;end_private_0;1000.00;13.43;4386.00;306.00;start_private_0;5.10;0.00;tripinfo_car102;497.00;car102;0;4995.30;0.99;0.00;134.76;car;;0;0.00
4885.00;end_private_0;1000.00;12.62;4389.00;309.00;start_private_0;5.10;0.00;tripinfo_car103;496.00;car103;0;4995.30;1.00;0.00;134.73;car;;0;0.00
4888.00;end_private_0;1000.00;11.53;4392.00;312.00;start_private_0;5.10;0.00;tripinfo_car104;496.00;car104;0;4995.30;0.83;0.00;64.03;car;;0;0.00
4890.00;end_private_0;1000.00;12.74;4395.00;315.00;start_private_0;5.10;0.00;tripinfo_car105;495.00;car105;0;4995.30;0.98;0.00;127.93;car;;0;0.00
4891.00;end_private_0;1000.00;12.39;4398.00;318.00;start_private_0;5.10;0.00;tripinfo_car106;493.00;car106;0;4995.30;0.93;0.00;105.75;car;;0;0.00
4893.00;end_private_0;1000.00;13.69;4401.00;321.00;start_private_0;5.10;0.00;tripinfo_car107;492.00;car107;0;4995.30;1.07;0.00;154.15;car;;0;0.00
4896.00;end_private_0;1000.00;11.57;4404.00;324.00;start_private_0;5.10;0.00;tripinfo_car108;492.00;car108;0;4995.30;0.86;0.00;70.77;car;;0;0.00
4897.00;end_private_0;1000.00;11.23;4407.00;327.00;start_private_0;5.10;0.00;tripinfo_car109;490.00;car109;0;4995.30;0.86;0.00;73.66;car;;0;0.00
4899.00;end_private_0;1000.00;14.35;4410.00;330.00;start_private_0;5.10;0.00;tripinfo_car110;489.00;car110;0;4995.30;1.24;0.00;198.32;car;;0;0.00
4901.00;end_private_0;1000.00;13.33;4413.00;333.00;start_private_0;5.10;0.00;tripinfo_car111;488.00;car111;0;4995.30;1.03;0.00;137.21;car;;0;0.00
4902.00;end_private_0;1000.00;14.38;4416.00;336.00;start_private_0;5.10;0.00;tripinfo_car112;486.00;car112;0;4995.30;1.06;0.00;147.78;car;;0;0.00
4904.00;end_private_0;1000.00;12.89;4419.00;339.00;start_private_0;5.10;0.00;tripinfo_car113;485.00;car113;0;4995.30;0.93;0.00;99.73;car;;0;0.00
4906.00;end_private_0;1000.00;12.02;4422.00;342.00;start_private_0;5.10;0.00;tripinfo_car114;484.00;car114;0;4995.30;0.90;0.00;83.09;car;;0;0.00
4908.00;end_private_0;1000.00;12.29;4425.00;345.00;start_private_0;5.10;0.00;tripinfo_car115;483.00;car115;0;4995.30;0.97;0.00;112.57;car;;0;0.00
4910.00;end_private_0;1000.00;13.41;4428.00;348.00;start_private_0;5.10;0.00;tripinfo_car116;482.00;car116;0;4995.30;1.02;0.00;128.37;car;;0;0.00
4911.00;end_private_0;1000.00;13.32;4431.00;351.00;start_private_0;5.10;0.00;tripinfo_car117;480.00;car117;0;4995.30;0.97;0.00;107.62;car;;0;0.00
4913.00;end_private_0;1000.00;13.35;4434.00;354.00;start_private_0;5.10;0.00;tripinfo_car118;479.00;car118;0;4995.30;0.98;0.00;113.39;car;;0;0.00
4915.00;end_private_0;1000.00;12.51;4437.00;357.00;start_private_0;5.10;0.00;tripinfo_car119;478.00;car119;0;4995.30;0.93;0.00;91.43;car;;0;0.00
4917.00;end_private_0;1000.00;12.65;4440.00;360.00;start_private_0;5.10;0.00;tripinfo_car120;477.00;car120;0;4995.30;0.95;0.00;98.02;car;;0;0.00
4919.00;end_private_0;1000.00;12.49;4443.00;363.00;start_private_0;5.10;0.00;tripinfo_car121;476.00;car121;0;4995.30;0.98;0.00;106.66;car;;0;0.00
4921.00;end_private_0;1000.00;11.76;4446.00;366.00;start_private_0;5.10;0.00;tripinfo_car122;475.00;car122;0;4995.30;0.92;0.00;82.96;car;;0;0.00
4922.00;end_private_0;1000.00;13.89;4449.00;369.00;start_private_0;5.10;0.00;tripinfo_car123;473.00;car123;0;4995.30;1.07;0.00;138.35;car;;0;0.00
4924.00;end_private_0;1000.00;15.04;4452.00;372.00;start_private_0;5.10;0.00;tripinfo_car124;472.00;car124;0;4995.30;1.12;0.00;150.21;car;;0;0.00
4926.00;end_private_0;1000.00;13.54;4455.00;375.00;start_private_0;5.10;0.00;tripinfo_car125;471.00;car125;0;4995.30;1.00;0.00;109.25;car;;0;0.00
4928.00;end_private_0;1000.00;14.14;4458.00;378.00;start_private_0;5.10;0.00;tripinfo_car126;470.00;car126;0;4995.30;1.09;0.00;138.62;car;;0;0.00
4929.00;end_private_0;1000.00;13.30;4461.00;381.00;start_private_0;5.10;0.00;tripinfo_car127;468.00;car127;0;4995.30;1.01;0.00;112.18;car;;0;0.00
4931.00;end_private_0;1000.00;12.35;4464.00;384.00;start_private_0;5.10;0.00;tripinfo_car128;467.00;car128;0;4995.30;0.95;0.00;88.13;car;;0;0.00
4933.00;end_private_0;1000.00;12.47;4467.00;387.00;start_private_0;5.10;0.00;tripinfo_car129;466.00;car129;0;4995.30;0.93;0.00;78.59;car;;0;0.00
4935.00;end_private_0;1000.00;13.70;4470.00;390.00;start_private_0;5.10;0.00;tripinfo_car130;465.00;car130;0;4995.30;1.06;0.00;126.05;car;;0;0.00
4937.00;end_private_0;1000.00;13.89;4473.00;393.00;start_private_0;5.10;0.00;tripinfo_car131;464.00;car131;0;4995.30;1.06;0.00;122.70;car;;0;0.00
4938.00;end_private_0;1000.00;16.05;4476.00;396.00;start_private_0;5.10;0.00;tripinfo_car132;462.00;car132;0;4995.30;1.25;0.00;174.63;car;;0;0.00
4940.00;end_private_0;1000.00;14.65;4479.00;399.00;start_private_0;5.10;0.00;tripinfo_car133;461.00;car133;0;4995.30;1.06;0.00;122.28;car;;0;0.00
4942.00;end_private_0;1000.00;14.27;4482.00;402.00;start_private_0;5.10;0.00;tripinfo_car134;460.00;car134;0;4995.30;1.05;0.00;115.44;car;;0;0.00
4944.00;end_private_0;1000.00;14.28;4485.00;405.00;start_private_0;5.10;0.00;tripinfo_car135;459.00;car135;0;4995.30;1.12;0.00;136.01;car;;0;0.00
4946.00;end_private_0;1000.00;12.30;4488.00;408.00;start_private_0;5.10;0.00;tripinfo_car136;458.00;car136;0;4995.30;0.97;0.00;86.88;car;;0;0.00
4948.00;end_private_0;1000.00;12.37;4491.00;411.00;start_private_0;5.10;0.00;tripinfo_car137;457.00;car137;0;4995.30;0.93;0.00;68.58;car;;0;0.00
4950.00;end_private_0;1000.00;14.61;4494.00;414.00;start_private_0;5.10;0.00;tripinfo_car138;456.00;car138;0;4995.30;1.11;0.00;131.07;car;;0;0.00
4953.00;end_private_0;1000.00;12.08;4497.00;417.00;start_private_0;5.10;0.00;tripinfo_car139;456.00;car139;0;4995.30;0.87;0.00;42.52;car;;0;0.00
4954.00;end_private_0;1000.00;13.22;4500.00;420.00;start_private_0;5.10;0.00;tripinfo_car140;454.00;car140;0;4995.30;1.00;0.00;93.68;car;;0;0.00
4956.00;end_private_0;1000.00;12.83;4503.00;423.00;start_private_0;5.10;0.00;tripinfo_car141;453.00;car141;0;4995.30;0.99;0.00;89.99;car;;0;0.00
4958.00;end_private_0;1000.00;14.35;4506.00;426.00;start_private_0;5.10;0.00;tripinfo_car142;452.00;car142;0;4995.30;1.05;0.00;108.08;car;;0;0.00
4960.00;end_private_0;1000.00;13.76;4509.00;429.00;start_private_0;5.10;0.00;tripinfo_car143;451.00;car143;0;4995.30;1.00;0.00;90.31;car;;0;0.00
4962.00;end_private_0;1000.00;11.20;4512.00;432.00;start_private_0;5.10;0.00;tripinfo_car144;450.00;car144;0;4995.30;0.90;0.00;48.36;car;;0;0.00
4963.00;end_private_0;1000.00;12.46;4515.00;435.00;start_private_0;5.10;0.00;tripinfo_car145;448.00;car145;0;4995.30;0.92;0.00;56.68;car;;0;0.00
4965.00;end_private_0;1000.00;12.24;4518.00;438.00;start_private_0;5.10;0.00;tripinfo_car146;447.00;car146;0;4995.30;0.95;0.00;68.18;car;;0;0.00
4967.00;end_private_0;1000.00;12.29;4521.00;441.00;start_private_0;5.10;0.00;tripinfo_car147;446.00;car147;0;4995.30;0.94;0.00;61.82;car;;0;0.00
4969.00;end_private_0;1000.00;12.49;4524.00;444.00;start_private_0;5.10;0.00;tripinfo_car148;445.00;car148;0;4995.30;0.93;0.00;56.77;car;;0;0.00
4970.00;end_private_0;1000.00;13.47;4527.00;447.00;start_private_0;5.10;0.00;tripinfo_car149;443.00;car149;0;4995.30;1.06;0.00;103.76;car;;0;0.00
4972.00;end_private_0;1000.00;13.85;4530.00;450.00;start_private_0;5.10;0.00;tripinfo_car150;442.00;car150;0;4995.30;1.05;0.00;100.62;car;;0;0.00
4974.00;end_private_0;1000.00;15.49;4533.00;453.00;start_private_0;5.10;0.00;tripinfo_car151;441.00;car151;0;4995.30;1.13;0.00;121.65;car;;0;0.00
4976.00;end_private_0;1000.00;13.28;4536.00;456.00;start_private_0;5.10;0.00;tripinfo_car152;440.00;car152;0;4995.30;1.02;0.00;85.83;car;;0;0.00
4978.00;end_private_0;1000.00;12.20;4539.00;459.00;start_private_0;5.10;0.00;tripinfo_car153;439.00;car153;0;4995.30;0.96;0.00;63.42;car;;0;0.00
4979.00;end_private_0;1000.00;14.73;4542.00;462.00;start_private_0;5.10;0.00;tripinfo_car154;437.00;car154;0;4995.30;1.14;0.00;120.98;car;;0;0.00
4981.00;end_private_0;1000.00;13.54;4545.00;465.00;start_private_0;5.10;0.00;tripinfo_car155;436.00;car155;0;4995.30;1.00;0.00;75.21;car;;0;0.00
4983.00;end_private_0;1000.00;13.75;4548.00;468.00;start_private_0;5.10;0.00;tripinfo_car156;435.00;car156;0;4995.30;1.01;0.00;77.84;car;;0;0.00
4985.00;end_private_0;1000.00;14.74;4551.00;471.00;start_private_0;5.10;0.00;tripinfo_car157;434.00;car157;0;4995.30;1.11;0.00;108.44;car;;0;0.00
4986.00;end_private_0;1000.00;12.59;4554.00;474.00;start_private_0;5.10;0.00;tripinfo_car158;432.00;car158;0;4995.30;1.00;0.00;70.59;car;;0;0.00
4989.00;end_private_0;1000.00;11.96;4557.00;477.00;start_private_0;5.10;0.00;tripinfo_car159;432.00;car159;0;4995.30;0.90;0.00;31.95;car;;0;0.00
4990.00;end_private_0;1000.00;14.10;4560.00;480.00;start_private_0;5.10;0.00;tripinfo_car160;430.00;car160;0;4995.30;1.18;0.00;125.64;car;;0;0.00
4992.00;end_private_0;1000.00;12.85;4563.00;483.00;start_private_0;5.10;0.00;tripinfo_car161;429.00;car161;0;4995.30;1.02;0.00;75.06;car;;0;0.00
4994.00;end_private_0;1000.00;13.38;4566.00;486.00;start_private_0;5.10;0.00;tripinfo_car162;428.00;car162;0;4995.30;1.02;0.00;74.74;car;;0;0.00
4996.00;end_private_0;1000.00;14.85;4569.00;489.00;start_private_0;5.10;0.00;tripinfo_car163;427.00;car163;0;4995.30;1.13;0.00;107.15;car;;0;0.00
4997.00;end_private_0;1000.00;14.98;4572.00;492.00;start_private_0;5.10;0.00;tripinfo_car164;425.00;car164;0;4995.30;1.10;0.00;96.58;car;;0;0.00
4999.00;end_private_0;1000.00;14.71;4575.00;495.00;start_private_0;5.10;0.00;tripinfo_car165;424.00;car165;0;4995.30;1.08;0.00;91.78;car;;0;0.00
5001.00;end_private_0;1000.00;13.43;4578.00;498.00;start_private_0;5.10;0.00;tripinfo_car166;423.00;car166;0;4995.30;1.05;0.00;81.07;car;;0;0.00
5005.00;end_private_0;1000.00;11.32;4581.00;501.00;start_private_0;5.10;0.00;tripinfo_car167;424.00;car167;0;4995.30;0.90;0.00;24.06;car;;0;0.00
5007.00;end_private_0;1000.00;11.71;4584.00;504.00;start_private_0;5.10;0.00;tripinfo_car168;423.00;car168;0;4995.30;0.93;0.00;34.30;car;;0;0.00
5012.00;end_private_0;1000.00;12.38;4587.00;507.00;start_private_0;5.10;0.00;tripinfo_car169;425.00;car169;0;4995.30;0.90;0.00;24.32;car;;0;0.00
5014.00;end_private_0;1000.00;13.63;4590.00;510.00;start_private_0;5.10;0.00;tripinfo_car170;424.00;car170;0;4995.30;1.03;0.00;73.86;car;;0;0.00
5016.00;end_private_0;1000.00;14.06;4593.00;513.00;start_private_0;5.10;0.00;tripinfo_car171;423.00;car171;0;4995.30;1.05;0.00;80.41;car;;0;0.00
5017.00;end_private_0;1000.00;14.96;4596.00;516.00;start_private_0;5.10;0.00;tripinfo_car172;421.00;car172;0;4995.30;1.22;0.00;126.67;car;;0;0.00
5019.00;end_private_0;1000.00;13.01;4599.00;519.00;start_private_0;5.10;0.00;tripinfo_car173;420.00;car173;0;4995.30;1.01;0.00;64.35;car;;0;0.00
5021.00;end_private_0;1000.00;13.99;4602.00;522.00;start_private_0;5.10;0.00;tripinfo_car174;419.00;car174;0;4995.30;1.03;0.00;70.77;car;;0;0.00
5022.00;end_private_0;1000.00;14.86;4605.00;525.00;start_private_0;5.10;0.00;tripinfo_car175;417.00;car175;0;4995.30;1.13;0.00;99.43;car;;0;0.00
5024.00;end_private_0;1000.00;13.82;4608.00;528.00;start_private_0;5.10;0.00;tripinfo_car176;416.00;car176;0;4995.30;1.02;0.00;63.51;car;;0;0.00
5026.00;end_private_0;1000.00;12.85;4611.00;531.00;start_private_0;5.10;0.00;tripinfo_car177;415.00;car177;0;4995.30;0.99;0.00;50.23;car;;0;0.00
5028.00;end_private_0;1000.00;13.71;4614.00;534.00;start_private_0;5.10;0.00;tripinfo_car178;414.00;car178;0;4995.30;1.05;0.00;72.15;car;;0;0.00
5030.00;end_private_0;1000.00;12.51;4617.00;537.00;start_private_0;5.10;0.00;tripinfo_car179;413.00;car179;0;4995.30;0.98;0.00;44.68;car;;0;0.00
5032.00;end_private_0;1000.00;12.41;4620.00;540.00;start_private_0;5.10;0.00;tripinfo_car180;412.00;car180;0;4995.30;0.93;0.00;24.30;car;;0;0.00
5033.00;end_private_0;1000.00;14.19;4623.00;543.00;start_private_0;5.10;0.00;tripinfo_car181;410.00;car181;0;4995.30;1.06;0.00;69.59;car;;0;0.00
5035.00;end_private_0;1000.00;14.88;4626.00;546.00;start_private_0;5.10;0.00;tripinfo_car182;409.00;car182;0;4995.30;1.10;0.00;80.66;car;;0;0.00
5037.00;end_private_0;1000.00;12.10;4629.00;549.00;start_private_0;5.10;0.00;tripinfo_car183;408.00;car183;0;4995.30;0.95;0.00;30.75;car;;0;0.00
5053.00;end_private_0;1000.00;12.32;4632.00;552.00;start_private_0;5.10;0.00;tripinfo_car184;421.00;car184;0;4995.30;0.91;0.00;24.38;car;;0;0.00
5090.00;end_private_0;1000.00;10.46;4635.00;555.00;start_private_0;5.10;0.00;tripinfo_car185;455.00;car185;0;4995.30;0.84;0.00;27.87;car;;0;0.00
5092.00;end_private_0;1000.00;14.12;4638.00;558.00;start_private_0;5.10;0.00;tripinfo_car186;454.00;car186;0;4995.30;1.04;0.00;108.78;car;;0;0.00
5094.00;end_private_0;1000.00;12.61;4641.00;561.00;start_private_0;5.10;0.00;tripinfo_car187;453.00;car187;0;4995.30;0.97;0.00;81.37;car;;0;0.00
5095.00;end_private_0;1000.00;12.34;4644.00;564.00;start_private_0;5.10;0.00;tripinfo_car188;451.00;car188;0;4995.30;0.96;0.00;75.67;car;;0;0.00
5120.00;end_private_0;1000.00;10.38;4647.00;567.00;start_private_0;5.10;0.00;tripinfo_car189;473.00;car189;0;4995.30;0.81;0.00;30.17;car;;0;0.00
5122.00;end_private_0;1000.00;13.40;4650.00;570.00;start_private_0;5.10;0.00;tripinfo_car190;472.00;car190;0;4995.30;1.04;0.00;124.49;car;;0;0.00
5124.00;end_private_0;1000.00;14.02;4653.00;573.00;start_private_0;5.10;0.00;tripinfo_car191;471.00;car191;0;4995.30;1.01;0.00;114.49;car;;0;0.00
5126.00;end_private_0;1000.00;13.29;4656.00;576.00;start_private_0;5.10;0.00;tripinfo_car192;470.00;car192;0;4995.30;0.97;0.00;99.45;car;;0;0.00
5128.00;end_private_0;1000.00;12.00;4659.00;579.00;start_private_0;5.10;0.00;tripinfo_car193;469.00;car193;0;4995.30;0.87;0.00;56.81;car;;0;0.00
5129.00;end_private_0;1000.00;12.79;4662.00;582.00;start_private_0;5.10;0.00;tripinfo_car194;467.00;car194;0;4995.30;1.00;0.00;105.88;car;;0;0.00
5131.00;end_private_0;1000.00;13.10;4665.00;585.00;start_private_0;5.10;0.00;tripinfo_car195;466.00;car195;0;4995.30;1.00;0.00;104.51;car;;0;0.00
5133.00;end_private_0;1000.00;14.71;4668.00;588.00;start_private_0;5.10;0.00;tripinfo_car196;465.00;car196;0;4995.30;1.10;0.00;137.56;car;;0;0.00
5135.00;end_private_0;1000.00;14.02;4671.00;591.00;start_private_0;5.10;0.00;tripinfo_car197;464.00;car197;0;4995.30;1.03;0.00;114.08;car;;0;0.00
5137.00;end_private_0;1000.00;11.02;4674.00;594.00;start_private_0;5.10;0.00;tripinfo_car198;463.00;car198;0;4995.30;0.88;0.00;52.30;car;;0;0.00
5140.00;end_private_0;1000.00;10.83;4677.00;597.00;start_private_0;5.10;0.00;tripinfo_car199;463.00;car199;0;4995.30;0.83;0.00;28.22;car;;0;0.00
